Zimmer,Quadratmeter,Preis,Preis_pro_Quadratmeter,Adresse,PLZ,Ort,Kanton,Adresse_PLZ
3.5,38,3560,93.68,"Haldenstrasse 169, 8003 Zuerich",8055,Zuerich,Zurich,"Haldenstrasse 169, 8003 Zuerich, 8055"
2.5,54,4600,85.19,Haldenstrasse 167,8055,Zuerich,Zurich,"Haldenstrasse 167, 8055"
2.5,32,3190,99.69,"Haldenstrasse 169, 8003 Zuerich",8055,Zuerich,Zurich,"Haldenstrasse 169, 8003 Zuerich, 8055"
3.5,180,8160,45.33,Sonnentalstrasse 13,8600,Duebendorf,Zurich,"Sonnentalstrasse 13, 8600"
3.5,49,6050,123.47,Rosengartenstrasse 55,8037,Zuerich,Zurich,"Rosengartenstrasse 55, 8037"
3.5,150,3470,23.13,Truellikerstrasse 9,8461,Oerlingen,Zurich,"Truellikerstrasse 9, 8461"
2.5,58,4550,78.45,"Allmannstrasse 55, 8052 Zuerich",8052,Zuerich,Zurich,"Allmannstrasse 55, 8052 Zuerich, 8052"
3.5,37,3650,98.65,Aemtlerstrasse 186,8003,Zuerich,Zurich,"Aemtlerstrasse 186, 8003"
2.5,54,3450,63.89,Breitistrasse 1,8335,Hittnau,Zurich,"Breitistrasse 1, 8335"
3.5,45,3320,73.78,Eggbuehlstrasse 9,8050,Zuerich,Zurich,"Eggbuehlstrasse 9, 8050"
2.5,57,3240,56.84,Eichhoelzlistrasse 14,8192,Glattfelden,Zurich,"Eichhoelzlistrasse 14, 8192"
3.5,49,4770,97.35,Rosengartenstrasse 55,8037,Zuerich,Zurich,"Rosengartenstrasse 55, 8037"
3.5,130,4400,33.85,Im Steinacher 3,8303,Bassersdorf,Zurich,"Im Steinacher 3, 8303"
3.5,160,5240,32.75,Im Steinacher 3,8303,Bassersdorf,Zurich,"Im Steinacher 3, 8303"
2.5,120,4750,39.58,Spindelstrasse 7,8041,Zuerich,Zurich,"Spindelstrasse 7, 8041"
3.5,63,2340,37.14,Waldeggweg 1,8302,Kloten,Zurich,"Waldeggweg 1, 8302"
2.5,62,6410,103.39,Ankerstrasse 114,8004,Zuerich,Zurich,"Ankerstrasse 114, 8004"
3.5,140,4240,30.29,Waldeggweg 1,8302,Kloten,Zurich,"Waldeggweg 1, 8302"
3.5,290,6350,21.9,Niggitalstrasse,8630,Rueti,Zurich,"Niggitalstrasse, 8630"
2.0,29,4510,155.52,Zelgstrasse 19,8003,Zuerich,Zurich,"Zelgstrasse 19, 8003"
3.5,39,8790,225.38,Baurstrasse 29,8008,Zuerich,Zurich,"Baurstrasse 29, 8008"
3.5,140,5540,39.57,Naphtastr. 4,8005,Zuerich,Zurich,"Naphtastr. 4, 8005"
3.5,180,5070,28.17,Am Stadtrand 51b,8600,Duebendorf,Zurich,"Am Stadtrand 51b, 8600"
2.5,120,4400,36.67,Im Steinacher 1,8303,Bassersdorf,Zurich,"Im Steinacher 1, 8303"
3.5,210,12440,59.24,Zollikerstrasse 177e,8008,Zuerich,Zurich,"Zollikerstrasse 177e, 8008"
2.5,55,3820,69.45,In Boeden 132,8046,Zuerich,Zurich,"In Boeden 132, 8046"
3.5,62,3240,52.26,Winterthurerstrasse 32a,8605,Gutenswil,Zurich,"Winterthurerstrasse 32a, 8605"
3.5,210,12180,58.0,Zollikerstrasse 177f,8008,Zuerich,Zurich,"Zollikerstrasse 177f, 8008"
3.5,41,3380,82.44,Spindelstrasse 7,8041,Zuerich,Zurich,"Spindelstrasse 7, 8041"
2.5,25,2240,89.6,Tulpenstrasse 43,8051,Zuerich,Zurich,"Tulpenstrasse 43, 8051"
3.5,40,2410,60.25,Waldeggweg 1,8302,Kloten,Zurich,"Waldeggweg 1, 8302"
3.5,130,5970,45.92,Seegartenstrasse 68c,8810,Horgen,Zurich,"Seegartenstrasse 68c, 8810"
3.5,30,3030,101.0,Raetschengaessli 36,8302,Kloten,Zurich,"Raetschengaessli 36, 8302"
2.5,58,3440,59.31,Dammstr. 14,8810,Horgen,Zurich,"Dammstr. 14, 8810"
3.5,140,4380,31.29,Widenstrasse 11,8302,Kloten,Zurich,"Widenstrasse 11, 8302"
2.5,61,3340,54.75,Zuerichstrasse 8,8610,Uster,Zurich,"Zuerichstrasse 8, 8610"
2.0,16,2280,142.5,Zielweg 80,8055,Zuerich,Zurich,"Zielweg 80, 8055"
2.5,42,4120,98.1,Rolandstrasse 3,8004,Zuerich,Zurich,"Rolandstrasse 3, 8004"
2.5,58,3490,60.17,Birmensdorferstrasse 122,8902,Urdorf,Zurich,"Birmensdorferstrasse 122, 8902"
3.5,140,3490,24.93,Truellikerstrasse 9,8461,Oerlingen,Zurich,"Truellikerstrasse 9, 8461"
2.5,120,5150,42.92,Sonnentalstrasse 17,8600,Duebendorf,Zurich,"Sonnentalstrasse 17, 8600"
1.0,150,4120,27.47,Max Bill Platz 5,8050,Zuerich,Zurich,"Max Bill Platz 5, 8050"
3.5,43,4380,101.86,Rolandstrasse 3,8004,Zuerich,Zurich,"Rolandstrasse 3, 8004"
3.5,50,2660,53.2,Eichhoelzlistrasse 14,8192,Glattfelden,Zurich,"Eichhoelzlistrasse 14, 8192"
1.0,34,2950,86.76,Hungerbergstrasse 17,8046,Zuerich,Zurich,"Hungerbergstrasse 17, 8046"
3.5,180,5250,29.17,Schaffhauserstrasse 22,8302,Kloten,Zurich,"Schaffhauserstrasse 22, 8302"
3.5,150,5520,36.8,Spindelstrasse 7,8041,Zuerich,Zurich,"Spindelstrasse 7, 8041"
3.5,150,11430,76.2,Himmelistrasse 13,8700,Kuesnacht,Zurich,"Himmelistrasse 13, 8700"
3.5,130,6370,49.0,Zeunerstrasse 11,8037,Zuerich,Zurich,"Zeunerstrasse 11, 8037"
2.0,41,4380,106.83,Zeunerstrasse 11,8037,Zuerich,Zurich,"Zeunerstrasse 11, 8037"
3.5,38,4620,121.58,Toedistrasse 63,8810,Horgen,Zurich,"Toedistrasse 63, 8810"
5.5,460,8030,17.46,Haeldelistrasse 3,8173,Neerach,Zurich,"Haeldelistrasse 3, 8173"
3.5,54,3270,60.56,Im Grund 21,8424,Embrach,Zurich,"Im Grund 21, 8424"
3.5,52,3430,65.96,Schuetzenstrasse 11,8953,Dietikon,Zurich,"Schuetzenstrasse 11, 8953"
3.5,33,2650,80.3,Schuetzenstrasse 11,8953,Dietikon,Zurich,"Schuetzenstrasse 11, 8953"
2.0,160,5680,35.5,Ottikerstrasse 11,8006,Zuerich,Zurich,"Ottikerstrasse 11, 8006"
3.5,200,6220,31.1,Im Russer 3M,8708,Maennedorf,Zurich,"Im Russer 3M, 8708"
3.5,200,4080,20.4,Felmenackerstrasse 18,8548,Ellikon an der Thur,Zurich,"Felmenackerstrasse 18, 8548"
3.5,60,2790,46.5,Schulstrasse 13A,8413,Neftenbach,Zurich,"Schulstrasse 13A, 8413"
3.5,410,9720,23.71,Tièchestrasse 14,8037,Zuerich,Zurich,"Tièchestrasse 14, 8037"
2.0,55,4330,78.73,Baslerstrasse 75,8048,Zuerich,Zurich,"Baslerstrasse 75, 8048"
2.5,60,2600,43.33,Aspacher 9 / Sattleracher 38,8413,Neftenbach,Zurich,"Aspacher 9 / Sattleracher 38, 8413"
3.5,63,3330,52.86,Am Brunnenbaechli 22/24,8125,Zollikerberg,Zurich,"Am Brunnenbaechli 22/24, 8125"
2.0,9,1780,197.78,Albulastrasse 50,8048,Zuerich,Zurich,"Albulastrasse 50, 8048"
2.5,120,3400,28.33,Am Giessenpark 11,8600,Duebendorf,Zurich,"Am Giessenpark 11, 8600"
2.5,120,3600,30.0,Farmanstr. 63,8152,Glattpark (Opfikon),Zurich,"Farmanstr. 63, 8152"
2.5,120,3410,28.42,Giessenstrasse 1,8600,Duebendorf,Zurich,"Giessenstrasse 1, 8600"
2.5,62,2790,45.0,Ahornstr. 15,8600,Duebendorf,Zurich,"Ahornstr. 15, 8600"
2.0,52,2630,50.58,Burstwiesenstr. 12,8606,Greifensee,Zurich,"Burstwiesenstr. 12, 8606"
2.5,140,6720,48.0,Pflugstr. 18,8006,Zuerich,Zurich,"Pflugstr. 18, 8006"
2.0,49,2210,45.1,Burgstr.61,8610,Uster,Zurich,"Burgstr.61, 8610"
3.5,140,3750,26.79,Buetzackerstr. 4,8304,Wallisellen,Zurich,"Buetzackerstr. 4, 8304"
3.5,160,3880,24.25,Hintere Bahnhofstr. 6,8610,Uster,Zurich,"Hintere Bahnhofstr. 6, 8610"
3.5,160,3760,23.5,Zentralstr. 6,8953,Dietikon,Zurich,"Zentralstr. 6, 8953"
2.5,55,2850,51.82,Ackerstr. 33,8604,Volketswil,Zurich,"Ackerstr. 33, 8604"
2.5,51,2830,55.49,Im Langacker 19,8304,Wallisellen,Zurich,"Im Langacker 19, 8304"
3.5,45,3560,79.11,Kaeferholzstrasse 56,8057,Zuerich,Zurich,"Kaeferholzstrasse 56, 8057"
2.5,62,2520,40.65,Roemerstr. 156,8404,Winterthur,Zurich,"Roemerstr. 156, 8404"
2.0,53,2480,46.79,Ruetiwisstr. 23,8604,Volketswil,Zurich,"Ruetiwisstr. 23, 8604"
3.5,44,4150,94.32,Kronenstr. 25,8006,Zuerich,Zurich,"Kronenstr. 25, 8006"
2.5,120,4530,37.75,Kaeferholzstrasse 52,8057,Zuerich,Zurich,"Kaeferholzstrasse 52, 8057"
2.0,40,2750,68.75,Dorfstr. 12,8037,Zuerich,Zurich,"Dorfstr. 12, 8037"
2.0,44,2170,49.32,Sindelenstrasse 13,8340,Hinwil,Zurich,"Sindelenstrasse 13, 8340"
3.5,32,3200,100.0,Freilagerstrasse 11,8047,Zuerich,Zurich,"Freilagerstrasse 11, 8047"
3.5,41,3470,84.63,Freilagerstrasse 19,8047,Zuerich,Zurich,"Freilagerstrasse 19, 8047"
3.5,40,3060,76.5,Freilagerstrasse 5-19,8047,Zuerich,Zurich,"Freilagerstrasse 5-19, 8047"
3.5,36,2980,82.78,Freilagerstrasse 11,8047,Zuerich,Zurich,"Freilagerstrasse 11, 8047"
2.5,45,4210,93.56,Freilagerstrasse,8047,Zuerich,Zurich,"Freilagerstrasse, 8047"
1.0,32,3190,99.69,Moosstrasse 39,8038,Zuerich,Zurich,"Moosstrasse 39, 8038"
2.5,57,3460,60.7,Tannenbachstrasse 12,8942,Oberrieden,Zurich,"Tannenbachstrasse 12, 8942"
2.0,58,6300,108.62,Baslerstrasse 77,8048,Zuerich,Zurich,"Baslerstrasse 77, 8048"
3.5,180,8870,49.28,Gustav-Gull-Platz 11,8004,Zuerich,Zurich,"Gustav-Gull-Platz 11, 8004"
2.5,22,1790,81.36,Brauerstrasse 29,8004,Zuerich,Zurich,"Brauerstrasse 29, 8004"
2.5,49,3880,79.18,Brandstrasse 7,8952,Schlieren,Zurich,"Brandstrasse 7, 8952"
3.5,150,3470,23.13,Loowiesenstrasse 33,8106,Adlikon b. Regensdorf,Zurich,"Loowiesenstrasse 33, 8106"
2.5,64,2570,40.16,Baerenweidstrasse 10,8833,Samstagern,Zurich,"Baerenweidstrasse 10, 8833"
3.5,31,3310,106.77,Schaffhauserstr. 438,8050,Zuerich,Zurich,"Schaffhauserstr. 438, 8050"
2.5,24,1560,65.0,Breitenstrasse 10,8134,Adliswil,Zurich,"Breitenstrasse 10, 8134"
3.5,39,2950,75.64,Schaffhauserstrasse 439,8050,Zuerich,Zurich,"Schaffhauserstrasse 439, 8050"
2.0,40,4730,118.25,Im Lingg 2,8800,Thalwil,Zurich,"Im Lingg 2, 8800"
2.0,220,4370,19.86,Florastrasse 10,8610,Uster,Zurich,"Florastrasse 10, 8610"
2.0,38,2040,53.68,Erlenwiesenstrasse 23,8152,Glattbrugg,Zurich,"Erlenwiesenstrasse 23, 8152"
3.5,140,7360,52.57,Weinplatz 10,8001,Zuerich,Zurich,"Weinplatz 10, 8001"
3.5,59,3520,59.66,Sonnenbergstrasse 55,8800,Thalwil,Zurich,"Sonnenbergstrasse 55, 8800"
3.5,43,2520,58.6,Steinmuerlistrasse 7,8953,Dietikon,Zurich,"Steinmuerlistrasse 7, 8953"
2.5,57,2400,42.11,Heiselstrasse 100,8155,Niederhasli,Zurich,"Heiselstrasse 100, 8155"
1.0,36,2260,62.78,Viktoriastr. 61,8050,Zuerich,Zurich,"Viktoriastr. 61, 8050"
4.5,250,7370,29.48,Scheideggstrasse 70,8002,Zuerich,Zurich,"Scheideggstrasse 70, 8002"
3.5,36,3150,87.5,Lochaeckerstrasse 12,8302,Kloten,Zurich,"Lochaeckerstrasse 12, 8302"
2.5,49,3120,63.67,Sandbuckweg 3a,8157,Dielsdorf,Zurich,"Sandbuckweg 3a, 8157"
2.5,42,2100,50.0,Brunnenhof 1,8910,Affoltern am Albis,Zurich,"Brunnenhof 1, 8910"
3.5,180,4530,25.17,Buecklerstrasse 11,8181,Hoeri,Zurich,"Buecklerstrasse 11, 8181"
2.5,150,7580,50.53,Limmatstrasse 260,8005,Zuerich,Zurich,"Limmatstrasse 260, 8005"
3.5,140,3640,26.0,Staldernstrasse 9,8158,Regensberg,Zurich,"Staldernstrasse 9, 8158"
2.5,28,3210,114.64,Rennweg 29,8001,Zuerich,Zurich,"Rennweg 29, 8001"
3.5,31,2700,87.1,"Hofackerstrasse 3, Hedingen, Zurich",8908,Hedingen,Zurich,"Hofackerstrasse 3, Hedingen, Zurich, 8908"
3.5,200,5730,28.65,Saengglenstrasse 7,8118,Pfaffhausen,Zurich,"Saengglenstrasse 7, 8118"
2.0,48,2640,55.0,Lochaeckerstrass 35/37/39/41/43,8302,Kloten,Zurich,"Lochaeckerstrass 35/37/39/41/43, 8302"
2.5,45,2390,53.11,Im Waengli 11,8910,Affoltern am Albis,Zurich,"Im Waengli 11, 8910"
3.5,61,2770,45.41,Heusserstrasse 3,8634,Hombrechtikon,Zurich,"Heusserstrasse 3, 8634"
3.5,45,3280,72.89,Leimgruebelstrasse 22A,8052,Zuerich,Zurich,"Leimgruebelstrasse 22A, 8052"
2.5,58,4240,73.1,Buckhauserstrasse 45,8048,Zuerich,Zurich,"Buckhauserstrasse 45, 8048"
3.5,200,5270,26.35,Reismuehleweg 40b,8409,Winterthur,Zurich,"Reismuehleweg 40b, 8409"
2.0,45,2780,61.78,Eidmattstrasse 13,8820,Waedenswil,Zurich,"Eidmattstrasse 13, 8820"
2.5,44,2630,59.77,Boulevard Lilienthal 54,8152,Glattpark (Opfikon),Zurich,"Boulevard Lilienthal 54, 8152"
2.0,49,3660,74.69,Brahmsstrasse 21,8003,Zuerich,Zurich,"Brahmsstrasse 21, 8003"
3.5,140,4180,29.86,Im Leeacher,8132,Egg,Zurich,"Im Leeacher, 8132"
2.5,50,3110,62.2,Talweg 132,8610,Uster,Zurich,"Talweg 132, 8610"
2.5,50,2860,57.2,Im Langacker 17,8304,Wallisellen,Zurich,"Im Langacker 17, 8304"
3.5,63,2800,44.44,Muellerwis 6,8606,Greifensee,Zurich,"Muellerwis 6, 8606"
2.0,39,2830,72.56,Hungerbergstrasse 5,8046,Zuerich,Zurich,"Hungerbergstrasse 5, 8046"
3.5,140,3600,25.71,Muellerwis 10,8606,Greifensee,Zurich,"Muellerwis 10, 8606"
1.0,37,2720,73.51,Winterthurerstr. 85,8006,Zuerich,Zurich,"Winterthurerstr. 85, 8006"
3.5,57,2930,51.4,Alte Gfennstr. 8 A,8600,Duebendorf,Zurich,"Alte Gfennstr. 8 A, 8600"
2.5,56,3320,59.29,Dennlerstr. 22,8047,Zuerich,Zurich,"Dennlerstr. 22, 8047"
3.5,49,2930,59.8,Alpenstrasse 56A,8600,Duebendorf,Zurich,"Alpenstrasse 56A, 8600"
3.5,47,3470,73.83,Ringstrasse 20,8600,Duebendorf,Zurich,"Ringstrasse 20, 8600"
1.0,31,3200,103.23,Birmensdorferstrasse 101,8003,Zuerich,Zurich,"Birmensdorferstrasse 101, 8003"
2.5,54,3430,63.52,Chapfwiesenstrasse 8,8712,Staefa,Zurich,"Chapfwiesenstrasse 8, 8712"
3.5,58,6040,104.14,Kreuzstrasse 78,8032,Zuerich,Zurich,"Kreuzstrasse 78, 8032"
2.5,49,5080,103.67,Kreuzstrasse 78,8032,Zuerich,Zurich,"Kreuzstrasse 78, 8032"
1.0,27,1510,55.93,Hauptstrasse 19,8637,Laupen ZH,Zurich,"Hauptstrasse 19, 8637"
2.5,36,3780,105.0,Seefeldstrasse 102,8008,Zuerich,Zurich,"Seefeldstrasse 102, 8008"
2.0,120,4470,37.25,Schoenaustrasse 21,8707,Uetikon am See,Zurich,"Schoenaustrasse 21, 8707"
3.0,220,4140,18.82,Frohbergstrasse 36,8620,Wetzikon,Zurich,"Frohbergstrasse 36, 8620"
3.5,220,4920,22.36,Steinbaumstrasse 24,8925,Ebertswil,Zurich,"Steinbaumstrasse 24, 8925"
3.5,150,3360,22.4,Toggenburgstrasse,8245,Feuerthalen,Zurich,"Toggenburgstrasse, 8245"
2.0,47,2160,45.96,Hegifeldstrasse 72,8404,Reutlingen (Winterthur),Zurich,"Hegifeldstrasse 72, 8404"
3.5,170,5370,31.59,Loomattstrasse 18B,8143,Stallikon,Zurich,"Loomattstrasse 18B, 8143"
2.0,42,2460,58.57,Gottlieb Bachmann-Strasse 2,8824,Schoenenberg ZH,Zurich,"Gottlieb Bachmann-Strasse 2, 8824"
3.5,140,5820,41.57,Im Tobel 5,8706,Meilen,Zurich,"Im Tobel 5, 8706"
3.5,58,3980,68.62,Rotfluhstrasse 31,8702,Zollikon,Zurich,"Rotfluhstrasse 31, 8702"
3.5,61,3040,49.84,Im Gatter 6,8121,Benglen,Zurich,"Im Gatter 6, 8121"
3.5,210,4920,23.43,Kirchrain,8824,Waedenswil,Zurich,"Kirchrain, 8824"
2.5,49,4270,87.14,Bucheggstrasse 21,8037,Zuerich,Zurich,"Bucheggstrasse 21, 8037"
3.5,190,5240,27.58,Sternenstrasse 18A,8903,Birmensdorf,Zurich,"Sternenstrasse 18A, 8903"
2.5,170,8400,49.41,Sonneggstrasse 45,8006,Zuerich,Zurich,"Sonneggstrasse 45, 8006"
3.5,140,7750,55.36,Wartauweg 19,8049,Zuerich,Zurich,"Wartauweg 19, 8049"
2.5,57,6450,113.16,Wartauweg 19,8049,Zuerich,Zurich,"Wartauweg 19, 8049"
3.5,160,4660,29.12,Grundstrasse 17,8600,Duebendorf,Zurich,"Grundstrasse 17, 8600"
3.5,140,3330,23.79,Ankengasse 5,8902,Urdorf,Zurich,"Ankengasse 5, 8902"
3.5,61,3880,63.61,Leutschenbachstrasse 85,8052,Zuerich,Zurich,"Leutschenbachstrasse 85, 8052"
3.5,62,2860,46.13,Im Doerfli,8706,Meilen,Zurich,"Im Doerfli, 8706"
2.0,17,1290,75.88,"Leepuentstrasse 18, 18",8600,Duebendorf,Zurich,"Leepuentstrasse 18, 18, 8600"
2.5,45,2770,61.56,Haldenstrasse 23,8134,Adliswil,Zurich,"Haldenstrasse 23, 8134"
3.5,51,2930,57.45,Badenerstrasse 843,8048,Zuerich,Zurich,"Badenerstrasse 843, 8048"
1.0,29,3860,133.1,Schaffhauserstr. 438,8050,Zuerich,Zurich,"Schaffhauserstr. 438, 8050"
3.5,37,3490,94.32,Waidstrasse 34,8037,Zuerich,Zurich,"Waidstrasse 34, 8037"
,160,3820,23.88,Schaerenmoostrasse 80,8052,Zuerich,Zurich,"Schaerenmoostrasse 80, 8052"
2.0,54,4530,83.89,Baslerstrasse 77,8048,Zuerich,Zurich,"Baslerstrasse 77, 8048"
2.0,120,4620,38.5,Toblerstrasse 10,8044,Zuerich,Zurich,"Toblerstrasse 10, 8044"
3.5,54,3070,56.85,Giesshuebelstrasse 86,8045,Zuerich,Zurich,"Giesshuebelstrasse 86, 8045"
2.5,56,4780,85.36,Haldenstrasse 14,8045,Zuerich,Zurich,"Haldenstrasse 14, 8045"
3.5,56,3350,59.82,Eierbrechtstrasse 59/61,8053,Zuerich,Zurich,"Eierbrechtstrasse 59/61, 8053"
3.5,37,2300,62.16,Breitigasse 11,8610,Uster,Zurich,"Breitigasse 11, 8610"
3.5,120,2910,24.25,Toesstalstrasse 109,8486,Rikon im Toesstal,Zurich,"Toesstalstrasse 109, 8486"
3.5,150,3040,20.27,Toesstalstrasse 109,8486,Rikon im Toesstal,Zurich,"Toesstalstrasse 109, 8486"
2.5,55,3020,54.91,Felsenrainstrasse 73,8052,Zuerich,Zurich,"Felsenrainstrasse 73, 8052"
1.0,34,2270,66.76,Steiggasse 4,8400,Winterthur,Zurich,"Steiggasse 4, 8400"
2.0,57,2650,46.49,Brandstr. 5,8340,Hinwil,Zurich,"Brandstr. 5, 8340"
1.0,33,2680,81.21,Rotbuehlstrasse 5,8810,Horgen,Zurich,"Rotbuehlstrasse 5, 8810"
2.5,52,2680,51.54,Hofstrasse 11,8634,Hombrechtikon,Zurich,"Hofstrasse 11, 8634"
3.5,200,3990,19.95,Schwandenholzstrasse 262,8046,Zuerich,Zurich,"Schwandenholzstrasse 262, 8046"
2.5,61,5450,89.34,Seefeldstrasse 40,8008,Zuerich,Zurich,"Seefeldstrasse 40, 8008"
2.5,45,2400,53.33,Schuetzenstrasse 40,8400,Winterthur,Zurich,"Schuetzenstrasse 40, 8400"
3.5,39,2040,52.31,Einsiedlerstrasse 45,8810,Horgen,Zurich,"Einsiedlerstrasse 45, 8810"
3.5,51,5180,101.57,Rietstrasse 16,8703,Erlenbach,Zurich,"Rietstrasse 16, 8703"
2.5,39,2470,63.33,Eichliackerstrasse 73,8406,Winterthur,Zurich,"Eichliackerstrasse 73, 8406"
2.5,120,6410,53.42,Sonnentalstrasse 13,8600,Duebendorf,Zurich,"Sonnentalstrasse 13, 8600"
3.5,140,5210,37.21,Kaeferholzstrasse 42,8057,Zuerich,Zurich,"Kaeferholzstrasse 42, 8057"
2.5,120,5150,42.92,Sonnentalstrasse 13,8600,Duebendorf,Zurich,"Sonnentalstrasse 13, 8600"
3.5,180,6580,36.56,Bremgartnerstrasse 51,8003,Zuerich,Zurich,"Bremgartnerstrasse 51, 8003"
2.5,61,5060,82.95,Alte Landstrasse 139,8804,Au ZH,Zurich,"Alte Landstrasse 139, 8804"
3.5,49,4090,83.47,Alte Landstrasse 137,8804,Au ZH,Zurich,"Alte Landstrasse 137, 8804"
3.5,39,3140,80.51,Lerchenhalde 1,8703,Erlenbach,Zurich,"Lerchenhalde 1, 8703"
,140,4770,34.07,Schaerenmoostrasse 80,8052,Zuerich,Zurich,"Schaerenmoostrasse 80, 8052"
3.5,130,2970,22.85,Moosbrunnenstrasse 7,8426,Lufingen,Zurich,"Moosbrunnenstrasse 7, 8426"
1.0,34,3010,88.53,Wildbachstrasse 60,8008,Zuerich,Zurich,"Wildbachstrasse 60, 8008"
3.5,140,6110,43.64,Alte Landstrasse 147,8804,Au ZH,Zurich,"Alte Landstrasse 147, 8804"
2.0,48,2390,49.79,Einsiedlerstrasse 37,8810,Horgen,Zurich,"Einsiedlerstrasse 37, 8810"
,43,2780,64.65,Schaerenmoostrasse 80,8052,Zuerich,Zurich,"Schaerenmoostrasse 80, 8052"
,150,3520,23.47,Schaerenmoostrasse 80,8052,Zuerich,Zurich,"Schaerenmoostrasse 80, 8052"
,54,3260,60.37,Schaerenmoostrasse 80,8052,Zuerich,Zurich,"Schaerenmoostrasse 80, 8052"
2.0,140,5130,36.64,Alte Dorfstrasse 52,8704,Herrliberg,Zurich,"Alte Dorfstrasse 52, 8704"
2.0,44,4080,92.73,Pfirsichstrasse 7,8006,Zuerich,Zurich,"Pfirsichstrasse 7, 8006"
2.0,44,4080,92.73,Pfirsichstrasse 9,8006,Zuerich,Zurich,"Pfirsichstrasse 9, 8006"
2.5,46,4080,88.7,Bahnweg 8,8134,Adliswil,Zurich,"Bahnweg 8, 8134"
3.5,120,4510,37.58,Giblenstrasse 55,8049,Zuerich,Zurich,"Giblenstrasse 55, 8049"
2.5,140,4510,32.21,Giblenstrasse 55,8049,Zuerich,Zurich,"Giblenstrasse 55, 8049"
3.5,48,2630,54.79,Neugutstrasse 24,8102,Oberengstringen,Zurich,"Neugutstrasse 24, 8102"
3.5,49,3700,75.51,Melchruetistrasse 10,8304,Wallisellen,Zurich,"Melchruetistrasse 10, 8304"
2.5,130,3760,28.92,Stadthausstrasse 12,8400,Winterthur,Zurich,"Stadthausstrasse 12, 8400"
2.5,24,2550,106.25,Suedstrasse 3,8008,Zuerich,Zurich,"Suedstrasse 3, 8008"
2.0,18,2060,114.44,Zelgstrasse 41,8003,Zuerich,Zurich,"Zelgstrasse 41, 8003"
2.5,25,2010,80.4,Ueberlandstrasse 465,8051,Zuerich,Zurich,"Ueberlandstrasse 465, 8051"
3.5,130,3350,25.77,Bahnhofstrasse 23,8320,Fehraltorf,Zurich,"Bahnhofstrasse 23, 8320"
2.5,45,3300,73.33,Hoeflistrasse 65A,8135,Langnau am Albis,Zurich,"Hoeflistrasse 65A, 8135"
2.5,52,5010,96.35,Heuelsteig 7b,8032,Zuerich,Zurich,"Heuelsteig 7b, 8032"
2.5,130,3640,28.0,Obstgartenstr. 20,8136,Gattikon,Zurich,"Obstgartenstr. 20, 8136"
3.5,180,4110,22.83,Winterthurerstr. 11,8180,Buelach,Zurich,"Winterthurerstr. 11, 8180"
3.5,180,6110,33.94,Tobelhofstr. 23a,8044,Zuerich,Zurich,"Tobelhofstr. 23a, 8044"
2.5,58,4240,73.1,Grimselstrasse 26,8048,Zuerich,Zurich,"Grimselstrasse 26, 8048"
2.5,54,3360,62.22,Carl-Spitteler-Strasse 21,8053,Zuerich,Zurich,"Carl-Spitteler-Strasse 21, 8053"
3.5,190,6410,33.74,Seestrasse 409,8706,Meilen,Zurich,"Seestrasse 409, 8706"
2.0,220,10300,46.82,Seestrasse 409,8706,Meilen,Zurich,"Seestrasse 409, 8706"
4.5,290,7740,26.69,Seestrasse 409,8706,Meilen,Zurich,"Seestrasse 409, 8706"
2.5,120,3580,29.83,Seebueelstrasse 9,8185,Winkel,Zurich,"Seebueelstrasse 9, 8185"
2.5,50,2350,47.0,Wassbergstrasse 37,8127,Forch,Zurich,"Wassbergstrasse 37, 8127"
3.5,140,4940,35.29,Edisonstrasse 5,8050,Zuerich,Zurich,"Edisonstrasse 5, 8050"
3.5,210,3400,16.19,Huebwiesenstrasse 20,8954,Geroldswil,Zurich,"Huebwiesenstrasse 20, 8954"
2.0,52,3390,65.19,Im Braechli 43,8053,Zuerich,Zurich,"Im Braechli 43, 8053"
2.0,46,3560,77.39,Langgruetstrasse 103,8047,Zuerich,Zurich,"Langgruetstrasse 103, 8047"
2.5,120,2400,20.0,Lindenstr. 17,8302,Kloten,Zurich,"Lindenstr. 17, 8302"
3.5,38,3700,97.37,Neugutstrasse 12,8304,Wallisellen,Zurich,"Neugutstrasse 12, 8304"
2.5,55,4110,74.73,Foehrlibuckstrasse 7,8304,Wallisellen,Zurich,"Foehrlibuckstrasse 7, 8304"
2.5,26,3280,126.15,Affolternstrasse 10,8050,Zuerich,Zurich,"Affolternstrasse 10, 8050"
3.5,170,6430,37.82,Bremgartnerstrasse 51,8003,Zuerich,Zurich,"Bremgartnerstrasse 51, 8003"
2.5,45,3170,70.44,Steinackerweg 12,8304,Wallisellen,Zurich,"Steinackerweg 12, 8304"
3.5,52,4630,89.04,Rohrstrasse 33,8152,Opfikon,Zurich,"Rohrstrasse 33, 8152"
2.5,45,3690,82.0,Leepuentstrasse 20,8600,Duebendorf,Zurich,"Leepuentstrasse 20, 8600"
,45,2750,61.11,Schaerenmoostrasse 80,8052,Zuerich,Zurich,"Schaerenmoostrasse 80, 8052"
3.5,29,2830,97.59,Schweizaeckerstrasse 14,8955,Oetwil an der Limmat,Zurich,"Schweizaeckerstrasse 14, 8955"
3.5,180,6410,35.61,Sonnentalstrasse 17,8600,Duebendorf,Zurich,"Sonnentalstrasse 17, 8600"
3.5,380,7160,18.84,Melchruetistrasse 10,8304,Wallisellen,Zurich,"Melchruetistrasse 10, 8304"
3.5,46,5160,112.17,Haspelstrasse 5,8041,Zuerich,Zurich,"Haspelstrasse 5, 8041"
2.5,15,1890,126.0,Viktoriastrasse 29,8057,Zuerich,Zurich,"Viktoriastrasse 29, 8057"
3.5,41,2160,52.68,Thalwiesenstr. 23,8302,Kloten,Zurich,"Thalwiesenstr. 23, 8302"
2.5,48,3790,78.96,Habueelstr. 169,8704,Herrliberg,Zurich,"Habueelstr. 169, 8704"
3.5,49,3340,68.16,Obere Buehlstrasse 19/21,8700,Kuesnacht ZH,Zurich,"Obere Buehlstrasse 19/21, 8700"
3.5,44,3850,87.5,Regensdorferstrasse 69,8049,Hoengg,Zurich,"Regensdorferstrasse 69, 8049"
3.5,40,3330,83.25,Regensdorferstrasse 67,8049,Hoengg,Zurich,"Regensdorferstrasse 67, 8049"
2.5,52,4740,91.15,Regensdorferstrasse 67,8049,Hoengg,Zurich,"Regensdorferstrasse 67, 8049"
3.5,56,2750,49.11,Preyenstr. 21,8623,Wetzikon ZH,Zurich,"Preyenstr. 21, 8623"
2.0,43,2340,54.42,Thalwiesenstr. 25,8302,Kloten,Zurich,"Thalwiesenstr. 25, 8302"
3.5,56,2360,42.14,Industriestr. 13,8108,Daellikon,Zurich,"Industriestr. 13, 8108"
3.5,52,4660,89.62,Haldenstrasse 14,8045,Zuerich,Zurich,"Haldenstrasse 14, 8045"
2.5,50,2780,55.6,Wassergass 21,8810,Horgen,Zurich,"Wassergass 21, 8810"
3.5,61,3860,63.28,Ringstrasse 20,8600,Duebendorf,Zurich,"Ringstrasse 20, 8600"
2.5,24,3070,127.92,Leepuentstrasse 18,8600,Duebendorf,Zurich,"Leepuentstrasse 18, 8600"
3.5,150,7200,48.0,Aubrigstrasse 11,8802,Kilchberg ZH,Zurich,"Aubrigstrasse 11, 8802"
2.5,56,2870,51.25,Alte Horgenbachstrasse 11,8548,Ellikon an der Thur,Zurich,"Alte Horgenbachstrasse 11, 8548"
4.5,440,12310,27.98,-,8006,Zuerich,Zurich,"-, 8006"
3.5,180,6030,33.5,Rautistrasse 11/13,8047,Zuerich,Zurich,"Rautistrasse 11/13, 8047"
3.5,150,4800,32.0,Seestrasse 59,8708,Maennedorf,Zurich,"Seestrasse 59, 8708"
2.0,17,1790,105.29,Kempttalstrasse 64,8320,Fehraltorf,Zurich,"Kempttalstrasse 64, 8320"
3.5,56,2790,49.82,Schwandenholzstrasse 234,8046,Zuerich,Zurich,"Schwandenholzstrasse 234, 8046"
2.5,150,5160,34.4,Ringstrasse 20,8600,Duebendorf,Zurich,"Ringstrasse 20, 8600"
3.5,61,2070,33.93,Kirchweg 110,8246,Langwiesen,Zurich,"Kirchweg 110, 8246"
2.0,160,3570,22.31,Hagenholzstrasse 70,8050,Zuerich,Zurich,"Hagenholzstrasse 70, 8050"
3.5,150,4070,27.13,Am Giessenpark 15,8600,Duebendorf,Zurich,"Am Giessenpark 15, 8600"
3.5,160,6310,39.44,Sonnentalstrasse 15,8600,Duebendorf,Zurich,"Sonnentalstrasse 15, 8600"
2.5,64,3470,54.22,Ruemlangstrasse 70,8052,Zuerich,Zurich,"Ruemlangstrasse 70, 8052"
2.5,140,6260,44.71,Badenerstr. 157,8004,Zuerich,Zurich,"Badenerstr. 157, 8004"
2.5,120,4470,37.25,Obstgartenstr. 13,8703,Erlenbach ZH,Zurich,"Obstgartenstr. 13, 8703"
2.5,120,5460,45.5,Drusbergstr. 66,8053,Zuerich,Zurich,"Drusbergstr. 66, 8053"
3.5,130,4190,32.23,Zuerichstrasse 81,8910,Affoltern a. Albis,Zurich,"Zuerichstrasse 81, 8910"
3.5,140,2810,20.07,Marktgasse 18,8302,Kloten,Zurich,"Marktgasse 18, 8302"
3.5,57,3170,55.61,Gattikonerstr. 101,8136,Gattikon,Zurich,"Gattikonerstr. 101, 8136"
2.5,64,4640,72.5,Im Glockenacker 56,8053,Zuerich,Zurich,"Im Glockenacker 56, 8053"
3.5,150,3810,25.4,Dreifelsstr. 5,8105,Regensdorf,Zurich,"Dreifelsstr. 5, 8105"
3.5,150,3570,23.8,Zwickystrasse 18,8304,Wallisellen,Zurich,"Zwickystrasse 18, 8304"
2.0,49,2480,50.61,Bodenacherstrasse 28,8121,Benglen,Zurich,"Bodenacherstrasse 28, 8121"
2.5,63,5830,92.54,Jenatschstrasse 3,8002,Zuerich,Zurich,"Jenatschstrasse 3, 8002"
2.5,63,3450,54.76,Unterdorfstrasse 1,8311,Bruetten,Zurich,"Unterdorfstrasse 1, 8311"
2.5,160,3200,20.0,Kopfgasse 1,8180,Buelach,Zurich,"Kopfgasse 1, 8180"
3.0,190,8680,45.68,Utoquai 49,8008,Zuerich,Zurich,"Utoquai 49, 8008"
2.5,140,4010,28.64,Ringstrasse 20,8600,Duebendorf,Zurich,"Ringstrasse 20, 8600"
3.5,200,7940,39.7,Plattenstr. 34,8032,Zuerich,Zurich,"Plattenstr. 34, 8032"
3.5,57,3480,61.05,In Lampitzaeckern 45,8305,Dietlikon,Zurich,"In Lampitzaeckern 45, 8305"
3.5,58,2740,47.24,Toessstr. 49,8427,Rorbas,Zurich,"Toessstr. 49, 8427"
2.5,54,2620,48.52,Alt-Ferrachstrasse 31,8630,Rueti ZH,Zurich,"Alt-Ferrachstrasse 31, 8630"
3.5,180,4250,23.61,Alt-Ferrachstrasse 37a,8630,Rueti ZH,Zurich,"Alt-Ferrachstrasse 37a, 8630"
2.0,37,2600,70.27,Am Stadtrand 3,8600,Duebendorf,Zurich,"Am Stadtrand 3, 8600"
3.5,40,2990,74.75,Am Stadtrand 23,8600,Duebendorf,Zurich,"Am Stadtrand 23, 8600"
2.5,50,2600,52.0,Einsiedlerstrasse 41,8810,Horgen,Zurich,"Einsiedlerstrasse 41, 8810"
3.5,41,2570,62.68,Haetzlergasse 21,8048,Zuerich,Zurich,"Haetzlergasse 21, 8048"
3.5,53,2500,47.17,Florastr. 2,8134,Adliswil,Zurich,"Florastr. 2, 8134"
2.0,47,2570,54.68,Baechlerstrasse 53,8802,Kilchberg ZH,Zurich,"Baechlerstrasse 53, 8802"
2.5,63,2390,37.94,Roemerstr. 152,8404,Winterthur,Zurich,"Roemerstr. 152, 8404"
3.5,56,2570,45.89,Einsiedlerstrasse 41,8810,Horgen,Zurich,"Einsiedlerstrasse 41, 8810"
2.0,41,2130,51.95,Haberweidstr. 49,8610,Uster,Zurich,"Haberweidstr. 49, 8610"
2.0,41,2450,59.76,Riedenhaldenstr. 30,8046,Zuerich,Zurich,"Riedenhaldenstr. 30, 8046"
2.5,49,2470,50.41,Preyenstr. 27,8623,Wetzikon ZH,Zurich,"Preyenstr. 27, 8623"
2.5,56,2300,41.07,Glaernischstrasse 68,8618,Oetwil am See,Zurich,"Glaernischstrasse 68, 8618"
2.5,52,2620,50.38,Weststrasse 82,8620,Wetzikon ZH,Zurich,"Weststrasse 82, 8620"
2.0,41,2240,54.63,Guyerstr. 8,8304,Wallisellen,Zurich,"Guyerstr. 8, 8304"
2.5,31,2830,91.29,Regensdorferstrasse 69,8049,Hoengg,Zurich,"Regensdorferstrasse 69, 8049"
3.5,120,3900,32.5,Winterthurerstrasse 26,8610,Uster,Zurich,"Winterthurerstrasse 26, 8610"
2.5,53,2740,51.7,Reckenwinkel 6,8154,Oberglatt ZH,Zurich,"Reckenwinkel 6, 8154"
3.5,37,2330,62.97,Sulzerallee 59,8404,Winterthur,Zurich,"Sulzerallee 59, 8404"
3.5,120,2980,24.83,Else-Zueblin-Strasse 83,8404,Winterthur,Zurich,"Else-Zueblin-Strasse 83, 8404"
3.5,37,2280,61.62,Breitigasse 15,8610,Uster,Zurich,"Breitigasse 15, 8610"
2.5,130,4090,31.46,Hohlstrasse 485a,8048,Zuerich,Zurich,"Hohlstrasse 485a, 8048"
2.5,42,3740,89.05,Talackerstrasse 47,8152,Opfikon,Zurich,"Talackerstrasse 47, 8152"
3.5,49,3970,81.02,Kurfirstenstrasse 43,8002,Zuerich,Zurich,"Kurfirstenstrasse 43, 8002"
3.5,130,4010,30.85,Meiershofstrasse 9,8600,Duebendorf,Zurich,"Meiershofstrasse 9, 8600"
3.5,50,2910,58.2,Seidenstr. 12,8600,Duebendorf,Zurich,"Seidenstr. 12, 8600"
2.5,47,2240,47.66,Alte Poststr. 1,8172,Niederglatt ZH,Zurich,"Alte Poststr. 1, 8172"
2.5,61,3650,59.84,Wright-Strasse 37,8152,Glattpark (Opfikon),Zurich,"Wright-Strasse 37, 8152"
3.5,140,3310,23.64,Roosstrasse 42e,8105,Regensdorf,Zurich,"Roosstrasse 42e, 8105"
2.5,50,3130,62.6,Bordackerstrasse 22,8610,Uster,Zurich,"Bordackerstrasse 22, 8610"
2.0,54,4360,80.74,Baslerstrasse 77,8048,Zuerich,Zurich,"Baslerstrasse 77, 8048"
1.0,35,2300,65.71,Seidenstr. 28,8600,Duebendorf,Zurich,"Seidenstr. 28, 8600"
2.5,61,3080,50.49,Rebrainstrasse 23,8106,Adlikon b. Regensdorf,Zurich,"Rebrainstrasse 23, 8106"
2.5,59,3460,58.64,Witikonerstr. 243 / 245,8053,Zuerich,Zurich,"Witikonerstr. 243 / 245, 8053"
2.5,57,2930,51.4,Falmenstrasse 2d,8610,Uster,Zurich,"Falmenstrasse 2d, 8610"
3.5,170,5630,33.12,Feldhofstrasse 14,8600,Duebendorf,Zurich,"Feldhofstrasse 14, 8600"
2.0,37,1980,53.51,Geerenweg 16,8303,Bassersdorf,Zurich,"Geerenweg 16, 8303"
3.5,160,4770,29.81,Alter Zuerichweg 16,8952,Schlieren,Zurich,"Alter Zuerichweg 16, 8952"
2.0,49,2640,53.88,Zuerichstr. 29,8600,Duebendorf,Zurich,"Zuerichstr. 29, 8600"
3.5,51,2620,51.37,Margrit Rainer-Str. 13,8050,Zuerich,Zurich,"Margrit Rainer-Str. 13, 8050"
2.5,46,2550,55.43,Bahnhofstr. 53,8902,Urdorf,Zurich,"Bahnhofstr. 53, 8902"
2.5,45,1900,42.22,Meierwiesenstr. 39,8107,Buchs ZH,Zurich,"Meierwiesenstr. 39, 8107"
3.5,160,5140,32.12,Zwirnerstrasse 78,8041,Zuerich,Zurich,"Zwirnerstrasse 78, 8041"
3.5,140,2680,19.14,Seilerwis 5,8606,Greifensee,Zurich,"Seilerwis 5, 8606"
2.5,50,2330,46.6,Muellerwis 8,8606,Greifensee,Zurich,"Muellerwis 8, 8606"
3.5,40,1830,45.75,Sonnenfeldstr. 10,8620,Wetzikon ZH,Zurich,"Sonnenfeldstr. 10, 8620"
2.5,50,2340,46.8,Gerichtshausstr. 1,8340,Hinwil,Zurich,"Gerichtshausstr. 1, 8340"
2.5,61,2470,40.49,Bahnhofstrasse 152,8620,Wetzikon ZH,Zurich,"Bahnhofstrasse 152, 8620"
3.5,44,3880,88.18,Nordstrasse 15,8180,Buelach,Zurich,"Nordstrasse 15, 8180"
2.5,140,4470,31.93,Zwirnerstrasse 78,8041,Zuerich,Zurich,"Zwirnerstrasse 78, 8041"
3.0,190,3470,18.26,Oberduerntnerstrasse 7,8635,Duernten,Zurich,"Oberduerntnerstrasse 7, 8635"
3.5,41,2600,63.41,Else-Zueblin-Strasse 78,8404,Winterthur,Zurich,"Else-Zueblin-Strasse 78, 8404"
3.5,43,2640,61.4,Ruetistrasse 60,8134,Adliswil,Zurich,"Ruetistrasse 60, 8134"
2.0,120,5210,43.42,Baslerstrasse 77,8048,Zuerich,Zurich,"Baslerstrasse 77, 8048"
2.0,45,2720,60.44,Schwandenacker 46,8052,Zuerich,Zurich,"Schwandenacker 46, 8052"
3.5,64,2860,44.69,Burstwiesenstrasse 69,8606,Greifensee,Zurich,"Burstwiesenstrasse 69, 8606"
2.5,57,2810,49.3,Tuefwisstrasse 17,8185,Winkel,Zurich,"Tuefwisstrasse 17, 8185"
2.5,59,3820,64.75,Schneebelistr. 4,8048,Zuerich,Zurich,"Schneebelistr. 4, 8048"
2.5,190,4980,26.21,Hoeflistrasse 43,8135,Langnau am Albis,Zurich,"Hoeflistrasse 43, 8135"
1.0,29,2370,81.72,Schuetzenweg 1,8604,Volketswil,Zurich,"Schuetzenweg 1, 8604"
2.0,160,6230,38.94,Zollikerstr. 23,8008,Zuerich,Zurich,"Zollikerstr. 23, 8008"
3.5,160,3450,21.56,Neunfornerstrasse 13,8475,Ossingen,Zurich,"Neunfornerstrasse 13, 8475"
3.5,120,2840,23.67,Ulmenstrasse 9,8636,Wald ZH,Zurich,"Ulmenstrasse 9, 8636"
2.0,30,3760,125.33,In der Au 6,8604,Volketswil,Zurich,"In der Au 6, 8604"
2.0,54,2470,45.74,Bruendlerstr. 5,8330,Pfaeffikon ZH,Zurich,"Bruendlerstr. 5, 8330"
3.5,38,2130,56.05,Im Spaeten 31,8906,Bonstetten,Zurich,"Im Spaeten 31, 8906"
3.5,43,2520,58.6,Loewenstrasse 17,8133,Esslingen,Zurich,"Loewenstrasse 17, 8133"
2.5,56,4560,81.43,Haldenstrasse 14,8045,Zuerich,Zurich,"Haldenstrasse 14, 8045"
2.0,22,1930,87.73,Winterthurerstr. 85,8006,Zuerich,Zurich,"Winterthurerstr. 85, 8006"
2.5,50,2570,51.4,Im Bruenneli 15,8127,Forch,Zurich,"Im Bruenneli 15, 8127"
3.5,130,3340,25.69,Alt-Ferrachstrasse 35c,8630,Rueti ZH,Zurich,"Alt-Ferrachstrasse 35c, 8630"
3.5,190,4560,24.0,Am Wasser 30,8600,Duebendorf,Zurich,"Am Wasser 30, 8600"
3.5,37,2200,59.46,Chilenwiesenstrasse 1,8108,Daellikon,Zurich,"Chilenwiesenstrasse 1, 8108"
2.5,120,3750,31.25,Hagenholzstrasse 76,8050,Zuerich,Zurich,"Hagenholzstrasse 76, 8050"
2.0,51,3300,64.71,Greifenseestr. 57,8050,Zuerich,Zurich,"Greifenseestr. 57, 8050"
3.5,60,2120,35.33,Meierwiesenstr. 39,8107,Buchs ZH,Zurich,"Meierwiesenstr. 39, 8107"
3.5,57,3410,59.82,In Lampitzaeckern 43,8305,Dietlikon,Zurich,"In Lampitzaeckern 43, 8305"
3.5,120,2740,22.83,Baechelacherstrasse 1,8132,Hinteregg,Zurich,"Baechelacherstrasse 1, 8132"
2.5,45,3080,68.44,Eichhoehe 1,8634,Hombrechtikon,Zurich,"Eichhoehe 1, 8634"
1.0,45,4430,98.44,Baslerstrasse 77,8048,Zuerich,Zurich,"Baslerstrasse 77, 8048"
2.5,54,2590,47.96,Am Dorfbach 23,8308,Illnau,Zurich,"Am Dorfbach 23, 8308"
3.5,40,2880,72.0,Zuerichstrasse 81,8910,Affoltern a. Albis,Zurich,"Zuerichstrasse 81, 8910"
3.5,29,2130,73.45,Zuerichstrasse 81,8910,Affoltern a. Albis,Zurich,"Zuerichstrasse 81, 8910"
3.5,230,6860,29.83,Loogartenstrasse 22,8048,Zuerich,Zurich,"Loogartenstrasse 22, 8048"
3.5,50,2920,58.4,Seidenstr. 30,8600,Duebendorf,Zurich,"Seidenstr. 30, 8600"
3.5,41,2920,71.22,Brunaustrasse 160,8951,Fahrweid,Zurich,"Brunaustrasse 160, 8951"
2.5,50,2810,56.2,Im Langacker 19,8304,Wallisellen,Zurich,"Im Langacker 19, 8304"
2.0,57,5460,95.79,Forchstrasse 24,8008,Zuerich,Zurich,"Forchstrasse 24, 8008"
3.0,180,8250,45.83,Forchstrasse 22,8008,Zuerich,Zurich,"Forchstrasse 22, 8008"
2.5,38,2700,71.05,Gruenaustrasse 10,8953,Dietikon,Zurich,"Gruenaustrasse 10, 8953"
2.5,63,2680,42.54,In der Fadmatt 122,8902,Urdorf,Zurich,"In der Fadmatt 122, 8902"
3.5,52,2370,45.58,Roemerstr. 128,8404,Winterthur,Zurich,"Roemerstr. 128, 8404"
3.5,130,4390,33.77,Giessenplatz 6,8600,Duebendorf,Zurich,"Giessenplatz 6, 8600"
3.5,130,5130,39.46,Trichtenhausenstrasse 86,8053,Zuerich,Zurich,"Trichtenhausenstrasse 86, 8053"
3.5,160,6360,39.75,Schaffhauserstrasse 91,8152,Opfikon,Zurich,"Schaffhauserstrasse 91, 8152"
3.5,140,2730,19.5,Muellerwis 19,8606,Greifensee,Zurich,"Muellerwis 19, 8606"
2.5,57,3310,58.07,Farmanstr. 61,8152,Glattpark (Opfikon),Zurich,"Farmanstr. 61, 8152"
3.5,200,4160,20.8,Nidermattweg 7,8192,Glattfelden,Zurich,"Nidermattweg 7, 8192"
3.5,130,3960,30.46,Alte Landstrasse 14,8800,Thalwil,Zurich,"Alte Landstrasse 14, 8800"
2.5,120,3820,31.83,Laendischstr. 107,8706,Feldmeilen,Zurich,"Laendischstr. 107, 8706"
3.5,40,3200,80.0,Hinterbergstrasse 57,8044,Zuerich,Zurich,"Hinterbergstrasse 57, 8044"
2.5,49,2520,51.43,Chilegass 2,8484,Weisslingen,Zurich,"Chilegass 2, 8484"
3.5,34,2220,65.29,In der Sagi 5,8172,Niederglatt ZH,Zurich,"In der Sagi 5, 8172"
2.5,120,3300,27.5,Schaffhauserstr. 55,8180,Buelach,Zurich,"Schaffhauserstr. 55, 8180"
2.5,50,2390,47.8,Lindenhof 7,8604,Volketswil,Zurich,"Lindenhof 7, 8604"
3.5,150,5510,36.73,Kaeferholzstrasse 58,8057,Zuerich,Zurich,"Kaeferholzstrasse 58, 8057"
1.0,33,1650,50.0,Schaffhauserstr. 411,8050,Zuerich,Zurich,"Schaffhauserstr. 411, 8050"
2.0,63,5160,81.9,Breitingerstrasse 27,8002,Zuerich,Zurich,"Breitingerstrasse 27, 8002"
2.5,220,6260,28.45,Albulastrasse 60,8048,Zuerich,Zurich,"Albulastrasse 60, 8048"
3.5,52,3580,68.85,Alte Landstrasse 137,8804,Au ZH,Zurich,"Alte Landstrasse 137, 8804"
3.5,59,2610,44.24,Leimgrubstr. 3,8340,Hinwil,Zurich,"Leimgrubstr. 3, 8340"
3.5,140,4790,34.21,Forchstrasse 261,8032,Zuerich,Zurich,"Forchstrasse 261, 8032"
2.0,150,5840,38.93,Forsterstrasse 67,8044,Zuerich,Zurich,"Forsterstrasse 67, 8044"
2.0,42,2170,51.67,Erlenweg 14,8634,Hombrechtikon,Zurich,"Erlenweg 14, 8634"
3.5,36,5170,143.61,Dienerstrasse 8,8004,Zuerich,Zurich,"Dienerstrasse 8, 8004"
3.5,58,4160,71.72,Grabenwies 2,8057,Zuerich,Zurich,"Grabenwies 2, 8057"
2.5,56,3760,67.14,Brunaustrasse 156,8951,Fahrweid,Zurich,"Brunaustrasse 156, 8951"
2.0,52,2720,52.31,Muellerwis 10,8606,Greifensee,Zurich,"Muellerwis 10, 8606"
3.5,230,3210,13.96,Spinnereistrasse 9,8192,Glattfelden,Zurich,"Spinnereistrasse 9, 8192"
3.5,150,6030,40.2,Forsterstrasse 67,8044,Zuerich,Zurich,"Forsterstrasse 67, 8044"
1.0,33,3190,96.67,Steinstrasse 35,8003,Zurich,Zurich,"Steinstrasse 35, 8003"
3.5,52,2560,49.23,Baeretswilerstrasse 22,8494,Bauma,Zurich,"Baeretswilerstrasse 22, 8494"
3.5,150,5840,38.93,Forsterstrasse 67,8044,Zuerich,Zurich,"Forsterstrasse 67, 8044"
2.5,15,2460,164.0,Bernerstrasse S 169,8048,Zuerich,Zurich,"Bernerstrasse S 169, 8048"
3.5,50,2230,44.6,Brandstrasse 41,8952,Schlieren,Zurich,"Brandstrasse 41, 8952"
3.5,52,2500,48.08,Moosackerstr. 26,8405,Winterthur,Zurich,"Moosackerstr. 26, 8405"
2.5,27,1550,57.41,In der Fadmatt 26,8902,Urdorf,Zurich,"In der Fadmatt 26, 8902"
2.5,59,2910,49.32,Im Glockenacker 26,8053,Zuerich,Zurich,"Im Glockenacker 26, 8053"
2.5,59,2570,43.56,Puentstrasse 30,8165,Oberweningen,Zurich,"Puentstrasse 30, 8165"
2.5,51,1620,31.76,Schlossbergstr. 5a,8820,Waedenswil,Zurich,"Schlossbergstr. 5a, 8820"
2.5,50,3180,63.6,Etzelstrasse 7/9/11,8038,Zuerich,Zurich,"Etzelstrasse 7/9/11, 8038"
2.5,120,5110,42.58,Winkelriedstrasse 27,8006,Zuerich,Zurich,"Winkelriedstrasse 27, 8006"
2.5,50,2540,50.8,Langackerstr. 30,8952,Schlieren,Zurich,"Langackerstr. 30, 8952"
2.5,47,3120,66.38,Panoramastrasse 3,8903,Birmensdorf,Zurich,"Panoramastrasse 3, 8903"
3.5,140,3180,22.71,Steinerstrasse 38,8475,Ossingen,Zurich,"Steinerstrasse 38, 8475"
2.5,49,2410,49.18,Chueeferistrasse 8,8320,Fehraltorf,Zurich,"Chueeferistrasse 8, 8320"
2.0,60,1970,32.83,Bachtobelstr. 15,8106,Adlikon b.Regensdorf,Zurich,"Bachtobelstr. 15, 8106"
3.5,62,2950,47.58,Preyenstr. 35,8623,Wetzikon ZH,Zurich,"Preyenstr. 35, 8623"
2.5,47,2370,50.43,Archstrasse 17,8610,Uster,Zurich,"Archstrasse 17, 8610"
3.5,160,5460,34.12,Haldenstrasse 11,8302,Kloten,Zurich,"Haldenstrasse 11, 8302"
3.5,190,4120,21.68,Haldenstrasse 47,8422,Pfungen,Zurich,"Haldenstrasse 47, 8422"
3.0,170,4370,25.71,Muehlebergstrasse 16,8910,Affoltern am Albis,Zurich,"Muehlebergstrasse 16, 8910"
2.5,19,2250,118.42,Hohlstrasse 100,8004,Zuerich,Zurich,"Hohlstrasse 100, 8004"
2.5,50,2880,57.6,Heerenschuerlistrasse 5,8051,Zuerich,Zurich,"Heerenschuerlistrasse 5, 8051"
3.5,170,5290,31.12,Ankenbueel 3,8126,Zumikon,Zurich,"Ankenbueel 3, 8126"
2.5,160,4080,25.5,Gerlisbrunnenstrasse 1,8121,Benglen,Zurich,"Gerlisbrunnenstrasse 1, 8121"
3.5,49,2530,51.63,Eichgutstr. 2,8400,Winterthur,Zurich,"Eichgutstr. 2, 8400"
3.5,45,2500,55.56,Eichgutstr. 2,8400,Winterthur,Zurich,"Eichgutstr. 2, 8400"
3.5,47,2310,49.15,Ruetistr. 34,8134,Adliswil,Zurich,"Ruetistr. 34, 8134"
3.5,140,2890,20.64,Seilerwis 5,8606,Greifensee,Zurich,"Seilerwis 5, 8606"
2.0,52,3380,65.0,Roeslistr. 57,8006,Zuerich,Zurich,"Roeslistr. 57, 8006"
3.5,36,2130,59.17,Weststrasse 82,8620,Wetzikon ZH,Zurich,"Weststrasse 82, 8620"
3.5,43,3370,78.37,Grabenwies 2,8057,Zuerich,Zurich,"Grabenwies 2, 8057"
2.5,150,4190,27.93,Dammstrasse / Fabrikgasse,8810,Horgen,Zurich,"Dammstrasse / Fabrikgasse, 8810"
3.5,140,3930,28.07,Dammstrasse / Fabrikgasse,8810,Horgen,Zurich,"Dammstrasse / Fabrikgasse, 8810"
3.5,140,3270,23.36,Spinnereistrasse 19,8192,Glattfelden,Zurich,"Spinnereistrasse 19, 8192"
3.5,140,2980,21.29,Spinnereistrasse 7,8192,Glattfelden,Zurich,"Spinnereistrasse 7, 8192"
3.5,150,3310,22.07,Nidermattweg 7,8192,Glattfelden,Zurich,"Nidermattweg 7, 8192"
3.5,42,2860,68.1,Tuchmacherstrasse 36,8041,Zuerich,Zurich,"Tuchmacherstrasse 36, 8041"
3.5,41,2470,60.24,Alte Landstrasse 12,8800,Thalwil,Zurich,"Alte Landstrasse 12, 8800"
2.0,49,2660,54.29,Giebeleichstrasse 28,8152,Glattbrugg,Zurich,"Giebeleichstrasse 28, 8152"
3.5,45,1910,42.44,Wingertlistrasse 39,8405,Winterthur,Zurich,"Wingertlistrasse 39, 8405"
2.5,59,4260,72.2,Forchstrasse 94,8008,Zuerich,Zurich,"Forchstrasse 94, 8008"
1.0,36,1900,52.78,Seilerwis 1,8606,Greifensee,Zurich,"Seilerwis 1, 8606"
2.5,130,4980,38.31,Frohalpstrasse 89,8038,Zuerich,Zurich,"Frohalpstrasse 89, 8038"
2.5,140,5690,40.64,Pfingstweidstrasse 94,8005,Zuerich,Zurich,"Pfingstweidstrasse 94, 8005"
2.5,62,4270,68.87,Kaeferholzstrasse 60,8057,Zuerich,Zurich,"Kaeferholzstrasse 60, 8057"
2.5,60,2620,43.67,Reutlenring 4,8302,Kloten,Zurich,"Reutlenring 4, 8302"
3.5,230,3730,16.22,Schlossbergstrasse 13,8408,Winterthur,Zurich,"Schlossbergstrasse 13, 8408"
2.5,19,2350,123.68,Hohlstrasse 100,8004,Zuerich,Zurich,"Hohlstrasse 100, 8004"
3.5,120,3020,25.17,Messikommerstrasse 54,8620,Wetzikon,Zurich,"Messikommerstrasse 54, 8620"
2.5,58,3050,52.59,Dorfstrasse 12,8484,Weisslingen,Zurich,"Dorfstrasse 12, 8484"
2.0,13,1500,115.38,Weiningerstrasse 48,8103,Unterengstringen,Zurich,"Weiningerstrasse 48, 8103"
3.5,150,3670,24.47,Alte Obfelderstrasse 33,8910,Affoltern am Albis,Zurich,"Alte Obfelderstrasse 33, 8910"
3.5,150,5470,36.47,Buckhauserstrasse 45,8048,Zuerich,Zurich,"Buckhauserstrasse 45, 8048"
2.0,57,2370,41.58,Feldstrasse 43,8902,Urdorf,Zurich,"Feldstrasse 43, 8902"
1.0,30,1940,64.67,Obstgartenstr. 26,8136,Gattikon,Zurich,"Obstgartenstr. 26, 8136"
3.5,160,3600,22.5,Rebweg 35,8309,Nuerensdorf,Zurich,"Rebweg 35, 8309"
3.5,150,2800,18.67,Im Puent 49,8105,Watt,Zurich,"Im Puent 49, 8105"
3.5,57,4620,81.05,Muehlebachstr. 19,8008,Zuerich,Zurich,"Muehlebachstr. 19, 8008"
2.0,56,4950,88.39,Zeunerstrasse 11,8037,Zuerich,Zurich,"Zeunerstrasse 11, 8037"
2.5,38,1420,37.37,Lindenstr. 17,8302,Kloten,Zurich,"Lindenstr. 17, 8302"
2.5,42,2310,55.0,Speerstr. 1,8820,Waedenswil,Zurich,"Speerstr. 1, 8820"
2.5,120,4470,37.25,Brunnenbuehlstrasse 13,8632,Duernten,Zurich,"Brunnenbuehlstrasse 13, 8632"
2.0,40,2170,54.25,Dorfstr. 12,8037,Zuerich,Zurich,"Dorfstr. 12, 8037"
2.0,120,3600,30.0,Kraftstr. 15,8044,Zuerich,Zurich,"Kraftstr. 15, 8044"
3.5,140,2730,19.5,Am Aabach 16,8344,Baeretswil,Zurich,"Am Aabach 16, 8344"
2.5,63,6570,104.29,Wuhrstrasse 30,8003,Zuerich,Zurich,"Wuhrstrasse 30, 8003"
2.5,33,2580,78.18,Faehnlibrunnenstr. 5,8700,Kuesnacht ZH,Zurich,"Faehnlibrunnenstr. 5, 8700"
2.0,53,3050,57.55,Kraftstr. 15,8044,Zuerich,Zurich,"Kraftstr. 15, 8044"
2.5,60,4120,68.67,Ruetelerstrasse 14,8810,Horgen,Zurich,"Ruetelerstrasse 14, 8810"
3.5,180,5490,30.5,Heerenschuerlistrasse 8A,8051,Zuerich,Zurich,"Heerenschuerlistrasse 8A, 8051"
3.5,52,2450,47.12,Poststrasse 10,8620,Wetzikon ZH,Zurich,"Poststrasse 10, 8620"
3.5,33,2890,87.58,Bombachstrasse 4e,8049,Zuerich,Zurich,"Bombachstrasse 4e, 8049"
3.5,140,3360,24.0,Neumattstr. 12,8953,Dietikon,Zurich,"Neumattstr. 12, 8953"
3.5,160,7920,49.5,General Wille-Strasse 8,8002,Zuerich,Zurich,"General Wille-Strasse 8, 8002"
3.5,200,5600,28.0,Embracherstrasse 18,8185,Winkel,Zurich,"Embracherstrasse 18, 8185"
3.5,43,3710,86.28,Haldenstrasse 18,8134,Adliswil,Zurich,"Haldenstrasse 18, 8134"
3.5,200,4530,22.65,Euelstrasse 58,8408,Winterthur,Zurich,"Euelstrasse 58, 8408"
2.5,170,6990,41.12,Rebwiesstr. 62,8702,Zollikon,Zurich,"Rebwiesstr. 62, 8702"
2.5,120,4790,39.92,Kaeferholzstrasse 42,8057,Zuerich,Zurich,"Kaeferholzstrasse 42, 8057"
2.5,160,2920,18.25,Schuetzenstrasse 19,8245,Feuerthalen,Zurich,"Schuetzenstrasse 19, 8245"
3.5,120,5080,42.33,Rebwiesstr. 58,8702,Zollikon,Zurich,"Rebwiesstr. 58, 8702"
2.5,51,4130,80.98,Susenbergstrasse 142,8044,Zuerich,Zurich,"Susenbergstrasse 142, 8044"
1.0,31,2440,78.71,Puentweg 2,8303,Bassersdorf,Zurich,"Puentweg 2, 8303"
3.0,220,7510,34.14,Walchestr. 25,8006,Zuerich,Zurich,"Walchestr. 25, 8006"
3.5,64,3200,50.0,Solarstrasse 9,8404,Winterthur,Zurich,"Solarstrasse 9, 8404"
3.5,38,3020,79.47,Seestrasse 57 - Villa Silvia,8708,Maennedorf,Zurich,"Seestrasse 57 - Villa Silvia, 8708"
3.5,33,2230,67.58,Bahnhofstrasse 50,8180,Buelach,Zurich,"Bahnhofstrasse 50, 8180"
3.5,38,1940,51.05,Weggengasse 3,8335,Hittnau,Zurich,"Weggengasse 3, 8335"
2.0,50,3020,60.4,Wiesliacher 14,8053,Zuerich,Zurich,"Wiesliacher 14, 8053"
3.5,150,5470,36.47,Kaeferholzstrasse 42,8057,Zuerich,Zurich,"Kaeferholzstrasse 42, 8057"
3.5,120,5630,46.92,Aemtlerstr. 17,8003,Zuerich,Zurich,"Aemtlerstr. 17, 8003"
3.5,55,3280,59.64,Im Grund 13,8424,Embrach,Zurich,"Im Grund 13, 8424"
2.5,56,5090,90.89,Eugen-Huber-Str. 113,8048,Zuerich,Zurich,"Eugen-Huber-Str. 113, 8048"
2.0,43,2490,57.91,Luegislandstr. 56,8051,Zuerich,Zurich,"Luegislandstr. 56, 8051"
2.5,24,1920,80.0,Zuerichstrasse 81,8910,Affoltern a. Albis,Zurich,"Zuerichstrasse 81, 8910"
3.5,61,3260,53.44,Bahnhofstrasse 23,8320,Fehraltorf,Zurich,"Bahnhofstrasse 23, 8320"
3.5,140,3490,24.93,Rosenstrasse 3,8623,Wetzikon ZH,Zurich,"Rosenstrasse 3, 8623"
5.5,230,3690,16.04,"Chaelenweg 1, Wohnhaus",8607,Aathal-Seegraeben,Zurich,"Chaelenweg 1, Wohnhaus, 8607"
3.5,41,1940,47.32,Einsiedlerstrasse 242,8810,Horgen,Zurich,"Einsiedlerstrasse 242, 8810"
2.5,61,2630,43.11,Einsiedlerstrasse 242,8810,Horgen,Zurich,"Einsiedlerstrasse 242, 8810"
2.0,10,2080,208.0,Universitaetsstrasse 110,8006,Zuerich,Zurich,"Universitaetsstrasse 110, 8006"
2.5,160,3360,21.0,Oberseenerstrasse 16,8405,Winterthur,Zurich,"Oberseenerstrasse 16, 8405"
2.0,63,3020,47.94,Im Geren 3,8902,Urdorf,Zurich,"Im Geren 3, 8902"
3.5,140,2980,21.29,Ulmenstrasse 5,8636,Wald,Zurich,"Ulmenstrasse 5, 8636"
2.5,57,2370,41.58,Glaernischstrasse 70,8618,Oetwil am See,Zurich,"Glaernischstrasse 70, 8618"
2.5,56,2800,50.0,Chueeweid 3,8906,Bonstetten,Zurich,"Chueeweid 3, 8906"
2.5,47,2470,52.55,Hofstrasse 3,8707,Uetikon am See,Zurich,"Hofstrasse 3, 8707"
2.0,52,3860,74.23,Forchstrasse 347,8008,Zuerich,Zurich,"Forchstrasse 347, 8008"
3.5,41,3350,81.71,Kaeferholzstrasse 44,8057,Zuerich,Zurich,"Kaeferholzstrasse 44, 8057"
2.0,52,5200,100.0,Forchstrasse 22,8008,Zuerich,Zurich,"Forchstrasse 22, 8008"
3.5,44,2740,62.27,Dolomitgasse 2,8180,Buelach,Zurich,"Dolomitgasse 2, 8180"
1.0,36,1970,54.72,Seilerwis 7,8606,Greifensee,Zurich,"Seilerwis 7, 8606"
2.0,10,1960,196.0,Universitaetsstrasse 110,8006,Zuerich,Zurich,"Universitaetsstrasse 110, 8006"
2.0,170,7250,42.65,Kniebrecheweg 7,8810,Horgen,Zurich,"Kniebrecheweg 7, 8810"
3.5,36,2040,56.67,Wattstrasse 20,8307,Effretikon,Zurich,"Wattstrasse 20, 8307"
2.5,63,3300,52.38,Lebernstrasse 8,8309,Nuerensdorf,Zurich,"Lebernstrasse 8, 8309"
3.5,190,4920,25.89,Muesli 7,8824,Schoenenberg ZH,Zurich,"Muesli 7, 8824"
2.0,120,6160,51.33,Limmatquai 86 / Koengengasse 2,8001,Zuerich,Zurich,"Limmatquai 86 / Koengengasse 2, 8001"
3.5,150,3330,22.2,Neunfornerstrasse 11,8475,Ossingen,Zurich,"Neunfornerstrasse 11, 8475"
2.5,17,2470,145.29,Muellerstrasse 76,8004,Zuerich,Zurich,"Muellerstrasse 76, 8004"
3.5,30,3240,108.0,Schaffhauserstr. 438,8050,Zuerich,Zurich,"Schaffhauserstr. 438, 8050"
2.5,59,3280,55.59,Neuhardstrasse 9,8105,Regensdorf,Zurich,"Neuhardstrasse 9, 8105"
3.5,150,5460,36.4,Birchstrasse 183B,8050,Zuerich,Zurich,"Birchstrasse 183B, 8050"
2.5,59,3820,64.75,Alte Landstrasse,8804,Au ZH,Zurich,"Alte Landstrasse, 8804"
3.5,33,3530,106.97,Eugen-Huber-Str. 115,8048,Zuerich,Zurich,"Eugen-Huber-Str. 115, 8048"
2.5,150,5270,35.13,Alte Landstr. 64,8800,Thalwil,Zurich,"Alte Landstr. 64, 8800"
3.5,57,4360,76.49,Forchstrasse 261,8032,Zuerich,Zurich,"Forchstrasse 261, 8032"
3.5,56,4470,79.82,Forchstrasse 261,8032,Zuerich,Zurich,"Forchstrasse 261, 8032"
3.5,140,3170,22.64,Seeblickstrasse 2b,8610,Uster,Zurich,"Seeblickstrasse 2b, 8610"
1.0,43,2040,47.44,Einsiedlerstrasse 234,8810,Horgen,Zurich,"Einsiedlerstrasse 234, 8810"
2.5,29,3530,121.72,Zurlindenstrasse 111,8003,Zuerich,Zurich,"Zurlindenstrasse 111, 8003"
2.0,13,2320,178.46,Lindenstrasse 8,8304,Wallisellen,Zurich,"Lindenstrasse 8, 8304"
2.5,49,4410,90.0,Siewerdtstrasse 19,8050,Zuerich,Zurich,"Siewerdtstrasse 19, 8050"
3.5,41,4240,103.41,Siewerdtstrasse 19,8050,Zuerich,Zurich,"Siewerdtstrasse 19, 8050"
3.5,140,4320,30.86,Ueberlandstrasse 18,8953,Dietikon,Zurich,"Ueberlandstrasse 18, 8953"
2.5,54,3240,60.0,Grossackerstrasse 71,8041,Zuerich,Zurich,"Grossackerstrasse 71, 8041"
3.5,64,3000,46.88,Am Leebach 10,8498,Gibswil,Zurich,"Am Leebach 10, 8498"
3.5,64,2720,42.5,Neugutstrasse 4,8450,Andelfingen,Zurich,"Neugutstrasse 4, 8450"
3.5,45,4610,102.44,Jenatschstrasse 3,8002,Zuerich,Zurich,"Jenatschstrasse 3, 8002"
3.5,170,8160,48.0,Rainweg 2,8704,Herrliberg,Zurich,"Rainweg 2, 8704"
2.5,36,3590,99.72,Faehnlibrunnenstr. 5,8700,Kuesnacht ZH,Zurich,"Faehnlibrunnenstr. 5, 8700"
3.5,280,4660,16.64,Bueelstrasse 36,8143,Stallikon,Zurich,"Bueelstrasse 36, 8143"
3.5,40,3300,82.5,Saentisstrasse 6a,8942,Oberrieden,Zurich,"Saentisstrasse 6a, 8942"
2.0,56,5050,90.18,Seestrasse 79,8702,Zollikon,Zurich,"Seestrasse 79, 8702"
3.5,150,4480,29.87,Weinbergstrasse 33,8302,Kloten,Zurich,"Weinbergstrasse 33, 8302"
2.0,48,2710,56.46,Buchzelgstrasse 66,8053,Zuerich,Zurich,"Buchzelgstrasse 66, 8053"
1.0,33,2340,70.91,Badenerstrasse 88a,8952,Schlieren,Zurich,"Badenerstrasse 88a, 8952"
2.5,44,2650,60.23,Humrigenstr. 61,8704,Herrliberg,Zurich,"Humrigenstr. 61, 8704"
3.5,130,4210,32.38,Wehntalerstr. 572,8046,Zuerich,Zurich,"Wehntalerstr. 572, 8046"
2.0,58,2830,48.79,Chuerzistrasse 19,8600,Duebendorf,Zurich,"Chuerzistrasse 19, 8600"
3.5,55,3060,55.64,Breitenstrasse 8,8134,Adliswil,Zurich,"Breitenstrasse 8, 8134"
1.0,35,1680,48.0,Am Pfisterhoelzli 48,8606,Greifensee,Zurich,"Am Pfisterhoelzli 48, 8606"
3.5,170,3360,19.76,Botzengasse 3,8416,Flaach,Zurich,"Botzengasse 3, 8416"
2.0,160,3990,24.94,Tramstrasse 71,8050,Zuerich,Zurich,"Tramstrasse 71, 8050"
3.5,150,3670,24.47,Pfruendhofstrasse 48,8910,Affoltern am Albis,Zurich,"Pfruendhofstrasse 48, 8910"
2.5,57,2850,50.0,Laerchenstr. 6,8180,Buelach,Zurich,"Laerchenstr. 6, 8180"
3.5,120,3270,27.25,Nauenstrasse 7d,8635,Duernten,Zurich,"Nauenstrasse 7d, 8635"
3.5,150,4190,27.93,Dammstrasse / Fabrikgasse,8810,Horgen,Zurich,"Dammstrasse / Fabrikgasse, 8810"
2.5,140,4510,32.21,Dammstrasse / Fabrikgasse,8810,Horgen,Zurich,"Dammstrasse / Fabrikgasse, 8810"
3.5,36,2830,78.61,Dammstrasse / Fabrikgasse,8810,Horgen,Zurich,"Dammstrasse / Fabrikgasse, 8810"
2.5,61,3240,53.11,Else-Zueblin-Strasse 75,8404,Winterthur,Zurich,"Else-Zueblin-Strasse 75, 8404"
4.5,300,5600,18.67,Bochslenstr. 22,8634,Hombrechtikon,Zurich,"Bochslenstr. 22, 8634"
3.5,48,4140,86.25,Hoeschgasse 78,8008,Zuerich,Zurich,"Hoeschgasse 78, 8008"
3.5,120,2590,21.58,Nauengasse 24,8427,Rorbas,Zurich,"Nauengasse 24, 8427"
3.5,120,2870,23.92,Lindenhof 14,8604,Volketswil,Zurich,"Lindenhof 14, 8604"
1.0,43,2250,52.33,Ifangweg 11,8610,Uster,Zurich,"Ifangweg 11, 8610"
1.0,38,1840,48.42,Kantonsschulstr. 2,8180,Buelach,Zurich,"Kantonsschulstr. 2, 8180"
2.5,45,2390,53.11,Roessligasse 11,8180,Buelach,Zurich,"Roessligasse 11, 8180"
2.5,140,3600,25.71,Zelgli 7,8413,Neftenbach,Zurich,"Zelgli 7, 8413"
2.5,150,4100,27.33,Albisriederstrasse 278,8047,Zuerich,Zurich,"Albisriederstrasse 278, 8047"
3.5,150,3180,21.2,Im Welschland 4,8910,Affoltern a.A.,Zurich,"Im Welschland 4, 8910"
3.5,51,4140,81.18,Turbinenstrasse 60,8005,Zuerich,Zurich,"Turbinenstrasse 60, 8005"
2.0,41,2100,51.22,Burgstrasse 56,8610,Uster,Zurich,"Burgstrasse 56, 8610"
2.5,60,3350,55.83,Wehntalerstr. 327,8106,Adlikon b.Regensdorf,Zurich,"Wehntalerstr. 327, 8106"
2.5,47,2610,55.53,Drusbergstrasse 19,8810,Horgen,Zurich,"Drusbergstrasse 19, 8810"
2.5,57,3300,57.89,Kuehriedweg 28,8050,Zuerich,Zurich,"Kuehriedweg 28, 8050"
3.5,130,3360,25.85,Bergstrasse 22,8954,Geroldswil,Zurich,"Bergstrasse 22, 8954"
3.5,160,3950,24.69,Sonnenbergstrasse 48,8603,Schwerzenbach,Zurich,"Sonnenbergstrasse 48, 8603"
3.5,39,3950,101.28,Kurvenstrasse 1,8006,Zuerich,Zurich,"Kurvenstrasse 1, 8006"
3.0,200,8290,41.45,Forchstrasse 62,8008,Zuerich,Zurich,"Forchstrasse 62, 8008"
2.5,120,3080,25.67,Haenkelbodenstrasse 3,8173,Neerach,Zurich,"Haenkelbodenstrasse 3, 8173"
3.5,45,2370,52.67,Riedacherstrasse 3,8173,Neerach,Zurich,"Riedacherstrasse 3, 8173"
2.5,55,2800,50.91,Gartenhof 24,8408,Winterthur,Zurich,"Gartenhof 24, 8408"
3.5,49,3640,74.29,Seestrasse 57 - Villa Silvia,8708,Maennedorf,Zurich,"Seestrasse 57 - Villa Silvia, 8708"
2.5,43,3190,74.19,Seestrasse 57 - Villa Silvia,8708,Maennedorf,Zurich,"Seestrasse 57 - Villa Silvia, 8708"
3.5,49,3760,76.73,Schlimbergstrasse 14,8802,Kilchberg,Zurich,"Schlimbergstrasse 14, 8802"
2.0,55,2520,45.82,Hugostrasse 10,8050,Zuerich,Zurich,"Hugostrasse 10, 8050"
3.5,63,2120,33.65,Bahnhofstrasse 85,8245,Feuerthalen,Zurich,"Bahnhofstrasse 85, 8245"
2.5,55,2440,44.36,Hindergartenstr. 19/13,8447,Dachsen,Zurich,"Hindergartenstr. 19/13, 8447"
3.5,170,7320,43.06,Rainweg 2,8704,Herrliberg,Zurich,"Rainweg 2, 8704"
2.5,200,5080,25.4,Feldstrasse 16,8400,Winterthur,Zurich,"Feldstrasse 16, 8400"
3.5,40,2040,51.0,Dorfstrasse 6a,8484,Weisslingen,Zurich,"Dorfstrasse 6a, 8484"
2.5,140,2700,19.29,Schlossgasse 8,8466,Truellikon,Zurich,"Schlossgasse 8, 8466"
3.5,64,3750,58.59,Riedthofstrasse 68,8105,Regensdorf,Zurich,"Riedthofstrasse 68, 8105"
3.5,150,3570,23.8,Lindenweg 7,8487,Zell,Zurich,"Lindenweg 7, 8487"
4.5,250,4670,18.68,Chofelstrasse 2,8174,Stadel b. Niederglatt,Zurich,"Chofelstrasse 2, 8174"
1.0,47,8680,184.68,Birchstrasse 180,8050,Zuerich,Zurich,"Birchstrasse 180, 8050"
1.0,36,6030,167.5,Birchstrasse 180,8050,Zuerich,Zurich,"Birchstrasse 180, 8050"
3.5,63,3210,50.95,Winterthurerstr. 346,8057,Zuerich,Zurich,"Winterthurerstr. 346, 8057"
2.0,48,8650,180.21,Birchstrasse 180,8050,Zuerich,Zurich,"Birchstrasse 180, 8050"
3.5,63,2280,36.19,Ifangstrasse 3,8604,Volketswil,Zurich,"Ifangstrasse 3, 8604"
1.0,34,2900,85.29,Wuerzwies 9,8064,Zuerich,Zurich,"Wuerzwies 9, 8064"
3.5,61,7860,128.85,Limmatquai 84,8001,Zuerich,Zurich,"Limmatquai 84, 8001"
3.5,240,4530,18.88,Alpenstrasse 29,8620,Wetzikon,Zurich,"Alpenstrasse 29, 8620"
3.5,46,5110,111.09,Laerchenweg 5,8802,Kilchberg,Zurich,"Laerchenweg 5, 8802"
3.5,160,5500,34.38,Kraestelstrasse,8106,Adlikon b. Regensdorf,Zurich,"Kraestelstrasse, 8106"
2.0,20,2210,110.5,Gladbachstr. 8,8006,Zuerich,Zurich,"Gladbachstr. 8, 8006"
2.5,54,2430,45.0,Ruchwiesenstr. 50,8404,Winterthur,Zurich,"Ruchwiesenstr. 50, 8404"
3.5,120,2530,21.08,Lindenhof 10,8604,Volketswil,Zurich,"Lindenhof 10, 8604"
4.5,190,4270,22.47,Weihermattstrasse 5,8902,Urdorf,Zurich,"Weihermattstrasse 5, 8902"
3.5,37,2180,58.92,Meierackerstrasse 2,8610,Uster,Zurich,"Meierackerstrasse 2, 8610"
2.5,57,2330,40.88,Ettenhauserstr. 56,8620,Wetzikon ZH,Zurich,"Ettenhauserstr. 56, 8620"
3.5,120,3620,30.17,Magazingasse 2,8400,Winterthur,Zurich,"Magazingasse 2, 8400"
3.5,190,4730,24.89,Alte Hedingerstrasse 4,8910,Affoltern am Albis,Zurich,"Alte Hedingerstrasse 4, 8910"
3.5,46,2500,54.35,Spitalstrasse 76,8952,Schlieren,Zurich,"Spitalstrasse 76, 8952"
2.5,190,7000,36.84,Giessereistrasse,8005,Zuerich,Zurich,"Giessereistrasse, 8005"
3.5,120,2800,23.33,Sankt Gallerstrasse 10,8488,Turbenthal,Zurich,"Sankt Gallerstrasse 10, 8488"
2.5,43,1940,45.12,Sonnenblickstr. 10,8404,Winterthur,Zurich,"Sonnenblickstr. 10, 8404"
1.0,36,2200,61.11,Albisstrasse 78,8134,Adliswil,Zurich,"Albisstrasse 78, 8134"
2.5,49,2280,46.53,Im Guet 20,8172,Niederglatt ZH,Zurich,"Im Guet 20, 8172"
2.5,47,2460,52.34,Taleggstrasse 5,8953,Dietikon,Zurich,"Taleggstrasse 5, 8953"
2.5,51,2530,49.61,Bundtstrasse 19,8127,Forch,Zurich,"Bundtstrasse 19, 8127"
2.5,47,2380,50.64,Kornstrasse 5,8603,Schwerzenbach,Zurich,"Kornstrasse 5, 8603"
2.5,51,2180,42.75,Illnauerstrasse 33,8307,Effretikon,Zurich,"Illnauerstrasse 33, 8307"
2.5,54,2880,53.33,Schwarzackerstrasse 29,8304,Wallisellen,Zurich,"Schwarzackerstrasse 29, 8304"
3.5,41,3310,80.73,Oerlikonerstrasse 87,8057,Zuerich,Zurich,"Oerlikonerstrasse 87, 8057"
2.5,52,2560,49.23,Naglikonerweg 7,8804,Au ZH,Zurich,"Naglikonerweg 7, 8804"
2.5,54,3170,58.7,Dorfstrasse 28,8904,Aesch ZH,Zurich,"Dorfstrasse 28, 8904"
3.5,57,2580,45.26,Vortauenstrasse 3,8108,Daellikon,Zurich,"Vortauenstrasse 3, 8108"
3.5,43,2030,47.21,Auf Puenten 33,8405,Winterthur,Zurich,"Auf Puenten 33, 8405"
2.5,52,2500,48.08,Sennhuettenstrasse 5,8805,Richterswil,Zurich,"Sennhuettenstrasse 5, 8805"
2.0,8,1840,230.0,Seestrasse 65,8002,Zuerich,Zurich,"Seestrasse 65, 8002"
2.5,140,2560,18.29,Im Fleudebueel 2,8460,Marthalen,Zurich,"Im Fleudebueel 2, 8460"
3.5,45,3180,70.67,Dammstrasse / Fabrikgasse,8810,Horgen,Zurich,"Dammstrasse / Fabrikgasse, 8810"
3.5,35,2730,78.0,Dammstrasse / Fabrikgasse,8810,Horgen,Zurich,"Dammstrasse / Fabrikgasse, 8810"
2.5,57,2350,41.23,Spitalstr. 153,8620,Wetzikon ZH,Zurich,"Spitalstr. 153, 8620"
2.5,45,2230,49.56,Muelistr. 11,8320,Fehraltorf,Zurich,"Muelistr. 11, 8320"
3.5,47,2880,61.28,"Ueberlandstrasse 437, 8051 Zuerich",8051,Zuerich,Zurich,"Ueberlandstrasse 437, 8051 Zuerich, 8051"
2.0,15,2130,142.0,Ankerstrasse 110,8004,Zuerich,Zurich,"Ankerstrasse 110, 8004"
2.0,25,2050,82.0,Wagnerweg 6,8810,Horgen,Zurich,"Wagnerweg 6, 8810"
3.5,120,2720,22.67,Neu Letten 5a,8192,Zweidlen,Zurich,"Neu Letten 5a, 8192"
3.5,140,3490,24.93,Ackerstr. 158,8604,Volketswil,Zurich,"Ackerstr. 158, 8604"
3.5,32,2030,63.44,Kasernenstr. 50,8180,Buelach,Zurich,"Kasernenstr. 50, 8180"
2.0,43,2080,48.37,Breitwiesstr. 7,8135,Langnau am Albis,Zurich,"Breitwiesstr. 7, 8135"
2.0,45,2260,50.22,Roemerstrasse 236,8404,Winterthur,Zurich,"Roemerstrasse 236, 8404"
2.5,52,2660,51.15,Nauenstrasse 7e,8635,Duernten,Zurich,"Nauenstrasse 7e, 8635"
2.5,36,2520,70.0,Dammstrasse / Fabrikgasse,8810,Horgen,Zurich,"Dammstrasse / Fabrikgasse, 8810"
2.5,37,2830,76.49,Dammstrasse / Fabrikgasse,8810,Horgen,Zurich,"Dammstrasse / Fabrikgasse, 8810"
3.5,45,2500,55.56,Zelgli 10,8413,Neftenbach,Zurich,"Zelgli 10, 8413"
3.5,120,2800,23.33,Spitalstr. 155,8620,Wetzikon ZH,Zurich,"Spitalstr. 155, 8620"
2.0,41,2190,53.41,Wallruetistr. 113,8404,Winterthur,Zurich,"Wallruetistr. 113, 8404"
2.0,46,2370,51.52,Melchior Hirzelweg 4,8910,Affoltern am Albis,Zurich,"Melchior Hirzelweg 4, 8910"
3.5,140,5480,39.14,Florastrasse 7,8700,Kuesnacht ZH,Zurich,"Florastrasse 7, 8700"
2.5,45,2530,56.22,Lindenweg 5,8487,Zell,Zurich,"Lindenweg 5, 8487"
3.5,130,3470,26.69,Haldenstrasse,8320,Fehraltorf,Zurich,"Haldenstrasse, 8320"
2.5,20,2840,142.0,Altbergstrasse 2,8953,Dietikon,Zurich,"Altbergstrasse 2, 8953"
3.5,56,2750,49.11,Bergstrasse 8,8954,Geroldswil,Zurich,"Bergstrasse 8, 8954"
2.0,140,2950,21.07,Hubstr. 8,8942,Oberrieden,Zurich,"Hubstr. 8, 8942"
2.5,50,2130,42.6,Baumackerstrasse 15,8107,Buchs ZH,Zurich,"Baumackerstrasse 15, 8107"
3.5,38,1850,48.68,Buehlstrasse 1,8182,Hochfelden,Zurich,"Buehlstrasse 1, 8182"
3.5,32,2180,68.12,Magazingasse 2,8400,Winterthur,Zurich,"Magazingasse 2, 8400"
3.5,140,4400,31.43,Wasserschoepfi 17,8055,Zuerich,Zurich,"Wasserschoepfi 17, 8055"
1.0,34,2400,70.59,Gartenstrasse 9,8102,Oberengstringen,Zurich,"Gartenstrasse 9, 8102"
2.5,56,3200,57.14,Jakob Bosshart-Strasse 2,8425,Oberembrach,Zurich,"Jakob Bosshart-Strasse 2, 8425"
3.5,150,5570,37.13,Glaernischstrasse 37,8810,Horgen,Zurich,"Glaernischstrasse 37, 8810"
2.5,160,6220,38.88,Freiestrasse 182,8032,Zuerich,Zurich,"Freiestrasse 182, 8032"
2.5,120,4140,34.5,Ueberlandstrasse 18,8953,Dietikon,Zurich,"Ueberlandstrasse 18, 8953"
2.5,57,2110,37.02,Binzacherweg 7,8166,Niederweningen,Zurich,"Binzacherweg 7, 8166"
3.0,200,5030,25.15,Ackerstrasse 9,8180,Buelach,Zurich,"Ackerstrasse 9, 8180"
3.5,200,8620,43.1,Sonnentalstrasse 13,8600,Duebendorf,Zurich,"Sonnentalstrasse 13, 8600"
3.5,200,9010,45.05,Sonnentalstrasse 13,8600,Duebendorf,Zurich,"Sonnentalstrasse 13, 8600"
2.0,52,3600,69.23,Im Tiergarten 6b,8055,Zuerich,Zurich,"Im Tiergarten 6b, 8055"
3.5,27,2280,84.44,Letzigraben 165,8047,Zuerich,Zurich,"Letzigraben 165, 8047"
3.5,220,16390,74.5,Hohenbuehlstrasse 5,8032,Zuerich,Zurich,"Hohenbuehlstrasse 5, 8032"
3.5,170,4240,24.94,Feldstrasse 26,8105,Regensdorf,Zurich,"Feldstrasse 26, 8105"
3.5,56,2470,44.11,Rosengartenstrasse 13,8107,Buchs ZH,Zurich,"Rosengartenstrasse 13, 8107"
3.5,34,2490,73.24,In der Gass 8,8340,Hinwil,Zurich,"In der Gass 8, 8340"
2.5,130,5950,45.77,Brandschenkestrasse 62,8002,Zuerich,Zurich,"Brandschenkestrasse 62, 8002"
1.0,36,3340,92.78,Waldschulweg 21,8032,Zuerich,Zurich,"Waldschulweg 21, 8032"
3.5,52,3110,59.81,Brunnenbuehlstrasse 13,8632,Duernten,Zurich,"Brunnenbuehlstrasse 13, 8632"
4.5,200,3820,19.1,Weierstrasse 119,8405,Winterthur,Zurich,"Weierstrasse 119, 8405"
3.5,130,5290,40.69,Widmerstrasse 85,8038,Zuerich,Zurich,"Widmerstrasse 85, 8038"
2.5,56,2970,53.04,Wiswandstr. 9,8542,Wiesendangen,Zurich,"Wiswandstr. 9, 8542"
2.5,46,3710,80.65,Badennerstrasse 155,8004,Zuerich,Zurich,"Badennerstrasse 155, 8004"
2.5,52,3380,65.0,Boulevard Lilienthal 5 - Wohnungen,8152,Opfikon,Zurich,"Boulevard Lilienthal 5 - Wohnungen, 8152"
3.5,45,3100,68.89,Boulevard Lilienthal 5 - Wohnungen,8152,Opfikon,Zurich,"Boulevard Lilienthal 5 - Wohnungen, 8152"
3.5,160,3080,19.25,Poststrasse 8,8620,Wetzikon ZH,Zurich,"Poststrasse 8, 8620"
3.5,33,4800,145.45,Rotachstrasse 20,8003,Zuerich,Zurich,"Rotachstrasse 20, 8003"
3.5,39,4800,123.08,Kalkbreitestrasse 41,8003,Zuerich,Zurich,"Kalkbreitestrasse 41, 8003"
3.5,55,2810,51.09,Alte Gfennstr. 8 C,8600,Duebendorf,Zurich,"Alte Gfennstr. 8 C, 8600"
1.0,27,2390,88.52,Universitaetstr. 73,8006,Zuerich,Zurich,"Universitaetstr. 73, 8006"
2.0,20,1550,77.5,Gutstrasse 13,8400,Winterthur,Zurich,"Gutstrasse 13, 8400"
2.0,41,2660,64.88,Zuerichstrasse 61,8600,Duebendorf,Zurich,"Zuerichstrasse 61, 8600"
3.5,130,3440,26.46,Espenstrasse 78,8408,Winterthur,Zurich,"Espenstrasse 78, 8408"
3.5,130,4930,37.92,Susenbergstrasse 144,8044,Zuerich,Zurich,"Susenbergstrasse 144, 8044"
3.5,41,2220,54.15,Toesstalstrasse 111a,8488,Turbenthal,Zurich,"Toesstalstrasse 111a, 8488"
2.0,57,5050,88.6,Schaffhauserstrasse 30,8006,Zuerich,Zurich,"Schaffhauserstrasse 30, 8006"
4.5,210,5050,24.05,Haldenstrasse 1,8155,Niederhasli,Zurich,"Haldenstrasse 1, 8155"
2.5,59,3020,51.19,Muelibachstr. 54/Haus H,8107,Buchs ZH,Zurich,"Muelibachstr. 54/Haus H, 8107"
2.0,52,4740,91.15,Haldenbachstrasse 34,8006,Zuerich,Zurich,"Haldenbachstrasse 34, 8006"
3.5,120,2810,23.42,Wattstrasse 28,8307,Effretikon,Zurich,"Wattstrasse 28, 8307"
2.0,23,1450,63.04,Neuwiesenstr. 14,8400,Winterthur,Zurich,"Neuwiesenstr. 14, 8400"
3.5,44,2140,48.64,Alt-Ferrachstrasse 37b,8630,Rueti ZH,Zurich,"Alt-Ferrachstrasse 37b, 8630"
3.5,43,2780,64.65,Urdorferstr. 10,8142,Uitikon Waldegg,Zurich,"Urdorferstr. 10, 8142"
2.0,45,1970,43.78,Ifangstrasse 47,8604,Volketswil,Zurich,"Ifangstrasse 47, 8604"
1.0,39,1720,44.1,Kirchweg 112,8246,Langwiesen,Zurich,"Kirchweg 112, 8246"
2.5,61,5080,83.28,Gottlieb-Binder-Strasse 7,8802,Kilchberg ZH,Zurich,"Gottlieb-Binder-Strasse 7, 8802"
2.0,49,2090,42.65,Im Zentrum 12,8604,Volketswil,Zurich,"Im Zentrum 12, 8604"
3.5,39,2780,71.28,Sonnenbuehlstrasse 2,8181,Hoeri,Zurich,"Sonnenbuehlstrasse 2, 8181"
3.5,150,3190,21.27,Puentstrasse 20,8165,Oberweningen,Zurich,"Puentstrasse 20, 8165"
3.5,170,4390,25.82,Rigistrasse 13,8006,Zuerich,Zurich,"Rigistrasse 13, 8006"
3.5,52,2260,43.46,Eilweg 8,8634,Hombrechtikon,Zurich,"Eilweg 8, 8634"
2.5,120,5010,41.75,Beckenhofstrasse 60,8006,Zuerich,Zurich,"Beckenhofstrasse 60, 8006"
2.5,54,2670,49.44,Alt-Ferrachstrasse 33a,8630,Rueti ZH,Zurich,"Alt-Ferrachstrasse 33a, 8630"
3.5,39,3330,85.38,Seestrasse 91,8820,Waedenswil,Zurich,"Seestrasse 91, 8820"
3.5,170,4060,23.88,Unterweg 25,8180,Buelach,Zurich,"Unterweg 25, 8180"
2.5,50,2990,59.8,Kappenbuehlweg 5,8049,Zuerich,Zurich,"Kappenbuehlweg 5, 8049"
3.5,62,2840,45.81,Muehlestr. 4F,8912,Obfelden,Zurich,"Muehlestr. 4F, 8912"
3.5,45,4510,100.22,Klosbachstr. 50,8032,Zuerich,Zurich,"Klosbachstr. 50, 8032"
2.5,52,2520,48.46,Ifangweg 3,8610,Uster,Zurich,"Ifangweg 3, 8610"
1.0,40,2610,65.25,Uetlibergstrasse 29,8045,Zuerich,Zurich,"Uetlibergstrasse 29, 8045"
2.0,52,3860,74.23,Badenerstr. 274,8004,Zuerich,Zurich,"Badenerstr. 274, 8004"
2.0,45,2110,46.89,Ifangstrasse 48,8604,Volketswil,Zurich,"Ifangstrasse 48, 8604"
2.5,120,5840,48.67,Dufourstrasse 61,8008,Zuerich,Zurich,"Dufourstrasse 61, 8008"
2.0,8,1570,196.25,St.Jakobstrasse 57,8004,Zuerich,Zurich,"St.Jakobstrasse 57, 8004"
2.5,59,3240,54.92,Farmanstr. 31,8152,Glattpark (Opfikon),Zurich,"Farmanstr. 31, 8152"
2.0,36,3210,89.17,Bremgartnerstrasse 30,8003,Zuerich,Zurich,"Bremgartnerstrasse 30, 8003"
2.0,230,6450,28.04,Hardturmstrasse 253,8005,Zuerich,Zurich,"Hardturmstrasse 253, 8005"
3.5,160,4790,29.94,Zuerichstrasse 77A,8134,Adliswil,Zurich,"Zuerichstrasse 77A, 8134"
3.5,160,2910,18.19,Drusbergstrasse 34,8810,Horgen,Zurich,"Drusbergstrasse 34, 8810"
2.0,130,4170,32.08,Max Bill Platz 9,8050,Zuerich,Zurich,"Max Bill Platz 9, 8050"
2.5,45,2050,45.56,Bahnhofstrasse 81,8245,Feuerthalen,Zurich,"Bahnhofstrasse 81, 8245"
3.5,61,2750,45.08,Bachtelstr. 56,8810,Horgen,Zurich,"Bachtelstr. 56, 8810"
2.0,42,2030,48.33,Breitwiesstr. 7,8135,Langnau am Albis,Zurich,"Breitwiesstr. 7, 8135"
2.5,140,5160,36.86,Binzallee 24,8055,Zuerich,Zurich,"Binzallee 24, 8055"
3.5,140,4300,30.71,Boulevard Lilienthal 11,8152,Glattpark (Opfikon),Zurich,"Boulevard Lilienthal 11, 8152"
3.5,160,5370,33.56,Kraestelstrasse 56,8106,Adlikon b. Regensdorf,Zurich,"Kraestelstrasse 56, 8106"
2.5,59,5670,96.1,Grabenwies 30,8057,Zuerich,Zurich,"Grabenwies 30, 8057"
3.5,41,2560,62.44,Im Langacker 13,8304,Wallisellen,Zurich,"Im Langacker 13, 8304"
1.0,34,3570,105.0,"Zeltweg 49, Zuerich",8032,Zuerich,Zurich,"Zeltweg 49, Zuerich, 8032"
3.5,41,3860,94.15,Limmatstrasse 27,8005,Zuerich,Zurich,"Limmatstrasse 27, 8005"
2.5,160,4280,26.75,Feldstrasse 16,8400,Winterthur,Zurich,"Feldstrasse 16, 8400"
2.0,20,2710,135.5,Ueberlandstrasse 11,8953,Dietikon,Zurich,"Ueberlandstrasse 11, 8953"
2.5,49,2630,53.67,Meisenweg 14,8600,Duebendorf,Zurich,"Meisenweg 14, 8600"
3.5,140,4510,32.21,Saeumerstrasse 9,8803,Rueschlikon,Zurich,"Saeumerstrasse 9, 8803"
3.5,43,2800,65.12,Unterdorfstrasse 6,8908,Hedingen,Zurich,"Unterdorfstrasse 6, 8908"
3.5,51,2790,54.71,"Engstringerstr. Gebaeude D 5,",8952,Schlieren,Zurich,"Engstringerstr. Gebaeude D 5,, 8952"
3.5,38,2430,63.95,"Brandstr. C1 1,",8952,Schlieren,Zurich,"Brandstr. C1 1,, 8952"
2.0,50,4380,87.6,Zeltweg 51,8032,Zuerich,Zurich,"Zeltweg 51, 8032"
2.0,43,2340,54.42,Luegislandstr. 56,8051,Zuerich,Zurich,"Luegislandstr. 56, 8051"
3.5,40,2230,55.75,Brunnenwiesenstr. 42,8610,Uster,Zurich,"Brunnenwiesenstr. 42, 8610"
2.5,27,2780,102.96,Mainaustrasse 49,8008,Zuerich,Zurich,"Mainaustrasse 49, 8008"
2.5,28,2240,80.0,Jungholzstrasse 20,8050,Zuerich,Zurich,"Jungholzstrasse 20, 8050"
1.0,34,2700,79.41,Riedhofstrasse 378,8049,Zuerich,Zurich,"Riedhofstrasse 378, 8049"
3.5,42,2010,47.86,Sihlmatten 1,8134,Adliswil,Zurich,"Sihlmatten 1, 8134"
2.5,54,2390,44.26,Sihlmatten 1,8134,Adliswil,Zurich,"Sihlmatten 1, 8134"
2.0,56,2390,42.68,Blumenbergweg 20,8633,Wolfhausen,Zurich,"Blumenbergweg 20, 8633"
2.5,56,4110,73.39,Jungholzstrasse 48,8050,Zuerich,Zurich,"Jungholzstrasse 48, 8050"
3.5,140,4510,32.21,Brunaustr. 72,8002,Zuerich,Zurich,"Brunaustr. 72, 8002"
3.5,36,2000,55.56,Toesstalstrasse 171,8400,Winterthur,Zurich,"Toesstalstrasse 171, 8400"
2.5,57,4400,77.19,"Allmannstrasse 55, 8052 Zuerich",8052,Zuerich,Zurich,"Allmannstrasse 55, 8052 Zuerich, 8052"
2.5,50,2330,46.6,Stoecklerstrasse 4,8610,Uster,Zurich,"Stoecklerstrasse 4, 8610"
2.5,55,4630,84.18,Forchstr. 26,8008,Zuerich,Zurich,"Forchstr. 26, 8008"
3.5,61,2060,33.77,Forenackerstrasse 6,8246,Langwiesen,Zurich,"Forenackerstrasse 6, 8246"
3.5,44,2410,54.77,Schoeneggstrasse 23,8953,Dietikon,Zurich,"Schoeneggstrasse 23, 8953"
2.0,42,2040,48.57,Breitwiesstr. 7,8135,Langnau am Albis,Zurich,"Breitwiesstr. 7, 8135"
2.0,41,3210,78.29,Birchstrasse 98,8050,Zuerich,Zurich,"Birchstrasse 98, 8050"
2.5,50,3400,68.0,Regensbergstrasse 30,8050,Zuerich,Zurich,"Regensbergstrasse 30, 8050"
2.5,140,5760,41.14,Frohalpstrasse 89,8038,Zuerich,Zurich,"Frohalpstrasse 89, 8038"
2.5,61,2670,43.77,Sophie-Guyerstrasse 17,8330,Pfaeffikon ZH,Zurich,"Sophie-Guyerstrasse 17, 8330"
3.5,150,3110,20.73,Moosbrunnenstrasse 9,8426,Lufingen,Zurich,"Moosbrunnenstrasse 9, 8426"
3.5,54,4950,91.67,Fritz Fleiner-Weg 11,8044,Zuerich,Zurich,"Fritz Fleiner-Weg 11, 8044"
3.5,120,4200,35.0,Pfingstweidstrasse 104E,8005,Zuerich,Zurich,"Pfingstweidstrasse 104E, 8005"
3.5,26,1510,58.08,Toesstalstrasse 45 - 51,8636,Wald ZH,Zurich,"Toesstalstrasse 45 - 51, 8636"
2.5,140,5030,35.93,Stampfenbachplatz 4,8006,Zuerich,Zurich,"Stampfenbachplatz 4, 8006"
3.5,160,5310,33.19,Riedthofstrasse 75,8105,Regensdorf,Zurich,"Riedthofstrasse 75, 8105"
3.5,52,2910,55.96,Gerlisbergstrasse 50,8303,Bassersdorf,Zurich,"Gerlisbergstrasse 50, 8303"
2.5,57,3150,55.26,"Brandstr. C1 1,",8952,Schlieren,Zurich,"Brandstr. C1 1,, 8952"
3.5,47,4610,98.09,Jenatschstrasse 3,8002,Zuerich,Zurich,"Jenatschstrasse 3, 8002"
2.5,49,2360,48.16,Glaernischstr. 56,8618,Oetwil am See,Zurich,"Glaernischstr. 56, 8618"
1.0,33,2130,64.55,Luchswiesenstrasse 132,8051,Zuerich,Zurich,"Luchswiesenstrasse 132, 8051"
3.5,120,5340,44.5,"Allmannstrasse 55, 8052 Zuerich",8052,Zuerich,Zurich,"Allmannstrasse 55, 8052 Zuerich, 8052"
2.5,57,3040,53.33,"Engstringerstr. Gebaeude C 5,",8952,Schlieren,Zurich,"Engstringerstr. Gebaeude C 5,, 8952"
3.5,35,3360,96.0,Hagenholzstrasse 59,8050,Zuerich,Zurich,"Hagenholzstrasse 59, 8050"
,15,3340,222.67,Albertstrasse 7,8005,Zuerich,Zurich,"Albertstrasse 7, 8005"
4.5,340,4920,14.47,Austrasse 2,8545,Rickenbach ZH,Zurich,"Austrasse 2, 8545"
,14,3070,219.29,Rotachstrasse 33,8003,Zurich,Zurich,"Rotachstrasse 33, 8003"
1.0,27,5090,188.52,Wolframplatz 1,8045,Zurich,Zurich,"Wolframplatz 1, 8045"
2.5,53,2100,39.62,Rapperswilerstrasse 4,8630,Rueti ZH,Zurich,"Rapperswilerstrasse 4, 8630"
2.5,57,2720,47.72,Hohrainlistrasse 37,8302,Kloten,Zurich,"Hohrainlistrasse 37, 8302"
2.5,57,4510,79.12,Seefeldstrasse 27,8008,Zuerich,Zurich,"Seefeldstrasse 27, 8008"
3.5,160,5400,33.75,Haldenstrasse 11,8302,Kloten,Zurich,"Haldenstrasse 11, 8302"
1.0,34,2220,65.29,Gartenstrasse 9,8102,Oberengstringen,Zurich,"Gartenstrasse 9, 8102"
2.5,60,3210,53.5,Im Staubeweidli 17,8820,Waedenswil,Zurich,"Im Staubeweidli 17, 8820"
2.5,46,2540,55.22,Seestrasse 6,8610,Uster,Zurich,"Seestrasse 6, 8610"
2.0,17,2180,128.24,Breitensteinstrasse 59,8037,Zuerich,Zurich,"Breitensteinstrasse 59, 8037"
2.0,17,1850,108.82,Zuerichbergstrasse 114,8044,Zuerich,Zurich,"Zuerichbergstrasse 114, 8044"
2.0,13,1460,112.31,Weiningerstrasse 46,8103,Unterengstringen,Zurich,"Weiningerstrasse 46, 8103"
2.0,3,1140,380.0,Wangenstrasse 4,8600,Duebendorf,Zurich,"Wangenstrasse 4, 8600"
2.0,5,1660,332.0,Manessestrasse 128,8045,Zuerich,Zurich,"Manessestrasse 128, 8045"
2.0,150,10100,67.33,Weinbergstrasse 44,8006,Zuerich,Zurich,"Weinbergstrasse 44, 8006"
3.5,57,3600,63.16,Moosstrasse 25,8134,Adliswil,Zurich,"Moosstrasse 25, 8134"
2.5,25,1590,63.6,Schaffhauserstr. 411,8050,Zuerich,Zurich,"Schaffhauserstr. 411, 8050"
2.0,44,2200,50.0,Kilchbergsteig 2,8038,Zuerich,Zurich,"Kilchbergsteig 2, 8038"
2.0,8,1320,165.0,Fliederstrasse 3,8152,Glattbrugg,Zurich,"Fliederstrasse 3, 8152"
2.5,53,2600,49.06,Solarstrasse 5,8404,Winterthur,Zurich,"Solarstrasse 5, 8404"
2.0,42,1920,45.71,Mooswiesenweg 19,8404,Winterthur,Zurich,"Mooswiesenweg 19, 8404"
3.5,45,3160,70.22,Riedmuehlestrasse 55 C,8306,Bruettisellen,Zurich,"Riedmuehlestrasse 55 C, 8306"
2.0,58,2390,41.21,Pfaeffikerstrasse 34-38,8610,Uster,Zurich,"Pfaeffikerstrasse 34-38, 8610"
2.0,2,3470,1735.0,Magnusstrasse 4,8004,Zuerich,Zurich,"Magnusstrasse 4, 8004"
1.0,37,2980,80.54,Freiestrasse 23,8032,Zuerich,Zurich,"Freiestrasse 23, 8032"
2.0,39,3470,88.97,Lessingstrasse 49,8002,Zuerich,Zurich,"Lessingstrasse 49, 8002"
3.5,31,1760,56.77,Lindbergstrasse 22,8404,Winterthur,Zurich,"Lindbergstrasse 22, 8404"
2.0,45,2160,48.0,Lindbergstrasse 22,8404,Winterthur,Zurich,"Lindbergstrasse 22, 8404"
3.5,57,2540,44.56,Im Leemann 1,8805,Richterswil,Zurich,"Im Leemann 1, 8805"
1.0,33,1780,53.94,Kilchbergsteig 2,8038,Zuerich,Zurich,"Kilchbergsteig 2, 8038"
3.5,48,2980,62.08,Margrit-Rainer-Strasse 11C,8050,Zuerich,Zurich,"Margrit-Rainer-Strasse 11C, 8050"
2.5,53,3620,68.3,Waldstr. 10,8702,Zollikon,Zurich,"Waldstr. 10, 8702"
2.0,41,2100,51.22,Im Grund 6,8910,Affoltern am Albis,Zurich,"Im Grund 6, 8910"
2.0,13,1410,108.46,Weiningerstrasse 46,8103,Unterengstringen,Zurich,"Weiningerstrasse 46, 8103"
2.5,130,5110,39.31,Muelibachstrasse 1,8805,Richterswil,Zurich,"Muelibachstrasse 1, 8805"
2.5,47,2810,59.79,Dachslernstrasse 184,8048,Zuerich,Zurich,"Dachslernstrasse 184, 8048"
3.5,190,3690,19.42,Murzlenstrasse 5,8166,Niederweningen,Zurich,"Murzlenstrasse 5, 8166"
3.5,140,3760,26.86,Im Ahorn 12,8125,Zollikerberg,Zurich,"Im Ahorn 12, 8125"
3.5,120,2360,19.67,Landvogt Waser-Strasse 94,8405,Winterthur,Zurich,"Landvogt Waser-Strasse 94, 8405"
2.0,32,2480,77.5,Seestrasse 120,8820,Waedenswil,Zurich,"Seestrasse 120, 8820"
3.5,61,2720,44.59,Hofmattweg 7,8915,Hausen am Albis,Zurich,"Hofmattweg 7, 8915"
3.5,210,4510,21.48,Staepfetlistrasse 7,8606,Werrikon,Zurich,"Staepfetlistrasse 7, 8606"
3.5,140,6110,43.64,Allenmoosstrasse 60,8057,Zuerich,Zurich,"Allenmoosstrasse 60, 8057"
2.0,140,2920,20.86,Seuzacherstrasse 114,8474,Dinhard,Zurich,"Seuzacherstrasse 114, 8474"
2.5,52,3430,65.96,Sonnenbuehlstrasse 2,8181,Hoeri,Zurich,"Sonnenbuehlstrasse 2, 8181"
2.5,20,2460,123.0,Sonnenbuehlstrasse 2,8181,Hoeri,Zurich,"Sonnenbuehlstrasse 2, 8181"
3.5,26,3330,128.08,Heinrichstrasse 83,8005,Zuerich,Zurich,"Heinrichstrasse 83, 8005"
2.5,43,2630,61.16,Webereistrasse 7,8192,Glattfelden,Zurich,"Webereistrasse 7, 8192"
2.5,43,2460,57.21,Schachemerstrasse 13,8192,Glattfelden,Zurich,"Schachemerstrasse 13, 8192"
3.5,210,6220,29.62,Trottensteig 5,8180,Buelach,Zurich,"Trottensteig 5, 8180"
1.0,34,2170,63.82,Kilchbergsteig 4,8038,Zuerich,Zurich,"Kilchbergsteig 4, 8038"
2.5,54,3050,56.48,Auhofstrasse 5,8051,Zuerich,Zurich,"Auhofstrasse 5, 8051"
3.5,120,5420,45.17,Sonnentalstrasse 13,8600,Duebendorf,Zurich,"Sonnentalstrasse 13, 8600"
2.5,120,3260,27.17,Usterstrasse 46,8620,Wetzikon,Zurich,"Usterstrasse 46, 8620"
3.5,30,4010,133.67,Badenerstrasse 250,8004,Zuerich,Zurich,"Badenerstrasse 250, 8004"
2.0,9,410,45.56,Im Tubental 4,8352,Elsau,Zurich,"Im Tubental 4, 8352"
2.0,37,2300,62.16,Obstgartenstrasse 19,8105,Regensdorf,Zurich,"Obstgartenstrasse 19, 8105"
2.0,20,2230,111.5,Friesenbergstrasse 108,8055,Zuerich,Zurich,"Friesenbergstrasse 108, 8055"
2.5,53,4280,80.75,Allenmoosstrasse 60,8057,Zuerich,Zurich,"Allenmoosstrasse 60, 8057"
2.0,42,1640,39.05,Glaernischstrasse 7,8632,Tann,Zurich,"Glaernischstrasse 7, 8632"
2.0,22,2390,108.64,Pestalozzistrasse 38,8032,Zuerich,Zurich,"Pestalozzistrasse 38, 8032"
2.0,48,2520,52.5,Archengaessli 3,8304,Wallisellen,Zurich,"Archengaessli 3, 8304"
2.5,45,1910,42.44,Eilweg 6,8634,Hombrechtikon,Zurich,"Eilweg 6, 8634"
2.5,35,2440,69.71,Brauerstrasse 27,8004,Zuerich,Zurich,"Brauerstrasse 27, 8004"
3.5,140,3400,24.29,Baumgartenstr. 4,8902,Urdorf,Zurich,"Baumgartenstr. 4, 8902"
2.5,48,2260,47.08,Kanalweg 2,8610,Uster,Zurich,"Kanalweg 2, 8610"
3.5,33,2570,77.88,Zugerstrasse 1,8820,Waedenswil,Zurich,"Zugerstrasse 1, 8820"
2.5,45,2410,53.56,Ifangweg 3,8610,Uster,Zurich,"Ifangweg 3, 8610"
2.5,170,4600,27.06,Oberalbis 28,8915,Hausen am Albis,Zurich,"Oberalbis 28, 8915"
